Temperature,Humidity,MQ135_PPM,Heart_Rate,SpO2,GPS_Lat,GPS_Lon,Risk_Level
35.2,63.0,88.1,92,94,23.795472,86.430077,1
31.7,69.2,54.5,105,94,23.795496,86.430805,1
31.2,69.1,93.2,101,94,23.794967,86.429511,1
27.6,39.3,30.6,81,96,23.796311,86.430932,0
39.2,90.8,353.3,122,90,23.796364,86.431089,2
32.6,67.8,129.8,90,94,23.794705,86.430968,1
31.0,74.7,145.4,95,94,23.795877,86.429487,1
33.6,66.3,91.6,103,93,23.795982,86.429478,1
31.3,70.0,132.9,90,93,23.794745,86.429524,1
37.7,83.6,371.1,133,91,23.795057,86.430582,2
25.3,42.8,20.5,60,96,23.796231,86.430808,0
20.2,55.3,48.0,80,98,23.794979,86.430078,0
30.1,68.8,100.5,96,94,23.796097,86.431164,1
53.7,102.7,672.5,150,74,23.795023,86.429575,3
26.3,52.9,45.4,80,97,23.795815,86.430038,0
21.7,46.4,37.8,88,98,23.79627,86.431297,0
42.8,92.5,755.7,163,82,23.795669,86.430972,3
38.2,79.8,213.1,138,88,23.796095,86.430615,2
33.6,75.0,56.8,108,94,23.796582,86.431112,1
34.3,91.0,324.8,128,90,23.79664,86.430301,2
25.1,50.9,28.9,84,98,23.795914,86.4298,0
26.5,54.9,12.0,76,96,23.795424,86.429645,0
32.1,61.1,88.9,99,94,23.796207,86.42991,1
40.4,77.1,316.1,122,88,23.794946,86.429468,2
34.0,71.6,134.6,94,93,23.79543,86.429918,1
30.0,62.1,124.5,106,94,23.796693,86.430233,1
23.2,50.8,45.4,81,98,23.795056,86.430566,0
52.9,92.8,637.1,143,75,23.79653,86.430602,3
29.6,66.1,127.0,104,93,23.796035,86.429746,1
28.8,49.7,35.4,87,97,23.796319,86.430446,0
32.4,64.0,98.4,90,94,23.794758,86.431133,1
34.0,64.2,104.7,103,94,23.794705,86.431162,1
52.2,97.2,553.4,143,76,23.796251,86.430164,3
29.5,43.3,29.2,67,96,23.795169,86.430351,0
31.0,64.9,70.0,101,94,23.796516,86.429981,1
23.7,53.7,15.0,70,98,23.796115,86.430814,0
30.4,65.4,95.6,96,94,23.795425,86.430592,1
29.9,71.9,143.7,92,93,23.796499,86.430071,1
20.8,56.6,14.4,76,97,23.795414,86.429708,0
26.4,40.1,32.1,70,97,23.795433,86.429572,0
20.7,42.1,45.0,67,98,23.796447,86.430675,0
30.3,57.0,64.7,103,94,23.795438,86.431006,1
19.3,43.1,46.5,62,99,23.796248,86.430786,0
30.1,67.1,107.2,91,94,23.795006,86.430882,1
39.7,85.9,241.4,113,91,23.795924,86.429487,2
49.7,90.4,613.8,172,72,23.796558,86.429898,3
33.7,69.5,111.0,100,94,23.795049,86.429711,1
35.1,76.3,243.0,132,89,23.794877,86.429584,2
31.5,75.7,51.6,97,94,23.796103,86.431288,1
28.5,51.4,36.5,72,96,23.794851,86.429414,0
42.1,78.0,364.1,116,89,23.795138,86.430618,2
26.7,46.8,38.2,68,96,23.796629,86.431217,0
33.6,67.3,104.5,97,94,23.795967,86.430781,1
20.8,44.6,14.2,62,97,23.794986,86.43096,0
38.6,80.3,246.3,111,91,23.79615,86.430245,2
30.3,71.1,52.5,107,94,23.795358,86.42994,1
37.3,89.6,174.0,123,88,23.796142,86.430165,2
21.8,41.7,10.6,65,96,23.795891,86.429712,0
46.3,92.4,819.5,154,73,23.795498,86.43056,3
48.1,91.4,659.5,142,77,23.794851,86.430708,3
27.2,50.9,38.5,86,99,23.795233,86.430481,0
48.8,90.4,798.1,152,83,23.795041,86.429433,3
28.0,52.4,10.7,67,97,23.795267,86.43092,0
54.6,97.5,409.4,149,76,23.795841,86.430339,3
39.3,84.7,252.3,125,88,23.795767,86.431321,2
25.4,58.2,42.0,71,99,23.795197,86.430792,0
39.5,77.0,383.3,132,89,23.796313,86.429472,2
41.9,84.2,323.8,119,88,23.795185,86.430604,2
37.0,80.3,175.5,110,89,23.794863,86.431235,2
34.8,60.8,122.6,92,93,23.796421,86.430777,1
52.3,95.7,604.9,164,80,23.796658,86.430066,3
27.6,59.3,43.9,74,98,23.796398,86.430886,0
42.3,95.0,787.9,142,78,23.794945,86.429766,3
33.0,68.0,87.0,104,93,23.795999,86.430227,1
39.6,79.0,360.8,137,90,23.79475,86.429842,2
33.5,75.3,111.4,96,93,23.795313,86.430117,1
29.8,54.6,10.6,68,99,23.795279,86.430721,0
23.5,46.1,49.1,75,98,23.796216,86.430717,0
28.3,57.6,21.0,63,99,23.795926,86.430914,0
40.3,82.4,323.3,115,89,23.795378,86.431384,2
48.4,91.4,468.6,156,72,23.79486,86.429831,3
31.6,65.2,94.3,96,93,23.795555,86.429734,1
33.7,71.9,81.3,101,94,23.796463,86.4303,1
22.7,61.7,37.0,69,98,23.796584,86.431017,0
32.3,71.5,53.3,90,94,23.795326,86.4301,1
35.2,64.7,77.1,94,93,23.796133,86.430023,1
40.3,85.8,241.0,130,91,23.795578,86.430253,2
32.6,70.7,119.9,98,94,23.795928,86.430786,1
28.8,47.0,13.4,86,98,23.796273,86.429406,0
32.2,62.4,59.4,97,94,23.796073,86.430172,1
34.9,69.5,127.8,99,94,23.79669,86.431303,1
34.3,78.8,341.6,110,88,23.795897,86.43111,2
44.4,91.2,451.2,142,84,23.795515,86.430954,3
28.4,51.3,24.3,63,99,23.795457,86.431023,0
21.6,49.9,18.5,72,97,23.794884,86.42958,0
20.0,57.8,10.2,66,97,23.795703,86.429953,0
29.1,55.0,29.7,87,98,23.795606,86.429881,0
33.1,58.3,120.7,102,94,23.795539,86.430878,1
21.1,43.1,23.9,89,99,23.796466,86.430222,0
30.3,66.1,52.4,101,94,23.796236,86.430111,1
28.6,45.8,46.8,63,99,23.794716,86.430261,0
22.6,55.3,48.1,67,99,23.795865,86.431143,0
34.9,68.1,112.4,105,94,23.795348,86.43067,1
24.4,56.7,20.8,79,98,23.795807,86.429627,0
37.1,83.2,158.2,120,90,23.79496,86.429555,2
37.1,88.4,312.3,116,91,23.795367,86.42976,2
31.2,61.0,125.2,92,93,23.79642,86.430314,1
22.5,55.4,30.6,69,99,23.795628,86.42967,0
24.3,57.5,20.7,78,97,23.795693,86.430394,0
36.3,86.9,282.3,110,88,23.795572,86.431123,2
32.7,63.1,56.0,98,93,23.795476,86.429504,1
21.3,47.2,17.5,81,97,23.79476,86.430749,0
33.2,66.5,84.5,98,93,23.79659,86.430617,1
38.7,83.7,234.3,121,91,23.795698,86.431238,2
28.1,40.0,42.9,82,97,23.79542,86.430905,0
26.0,51.7,25.8,68,98,23.794893,86.430078,0
46.2,94.6,671.6,167,83,23.79594,86.431006,3
33.6,75.6,94.6,107,94,23.796215,86.431138,1
41.0,83.4,366.3,116,91,23.795017,86.431042,2
32.0,66.0,69.0,107,93,23.795131,86.430485,1
21.4,46.0,33.0,81,98,23.79528,86.431255,0
36.0,74.2,303.5,117,89,23.794756,86.430915,2
36.2,79.1,319.6,128,89,23.795297,86.431331,2
36.8,80.3,264.2,115,90,23.796056,86.42941,2
32.3,71.3,63.3,97,93,23.795542,86.430794,1
22.8,56.1,35.9,85,97,23.79544,86.430098,0
37.9,80.0,268.7,117,91,23.796243,86.429863,2
27.8,48.5,13.9,86,97,23.796145,86.430369,0
39.1,88.2,335.5,118,91,23.795765,86.431245,2
31.0,62.0,145.7,94,93,23.796167,86.431158,1
27.6,55.5,41.8,86,97,23.79655,86.430967,0
27.5,57.9,14.7,65,99,23.794701,86.429965,0
25.0,47.0,43.7,87,98,23.795339,86.43037,0
33.5,68.7,74.9,93,93,23.795894,86.431341,1
33.0,67.6,122.4,102,94,23.794869,86.43129,1
26.6,36.2,46.2,74,99,23.796557,86.431187,0
27.3,52.0,30.2,86,96,23.796164,86.430433,0
21.7,52.1,34.0,72,98,23.795453,86.430412,0
48.4,91.1,462.2,144,76,23.796232,86.431105,3
30.8,69.2,59.0,103,94,23.796637,86.429643,1
22.0,62.7,48.2,87,99,23.79516,86.429924,0
33.1,70.8,101.6,94,94,23.795851,86.430785,1
26.1,43.1,40.1,85,96,23.79611,86.429941,0
38.3,86.7,249.1,122,90,23.796486,86.43135,2
51.4,94.6,679.2,147,70,23.796606,86.431371,3
36.2,85.9,354.9,115,88,23.796675,86.430745,2
37.4,85.1,195.6,137,89,23.79561,86.430291,2
18.9,62.5,42.3,72,97,23.796018,86.429716,0
31.2,62.5,85.1,108,93,23.794887,86.429491,1
22.5,46.8,46.3,61,96,23.796467,86.429914,0
24.0,53.0,32.7,89,96,23.796356,86.430482,0
28.3,58.8,15.7,65,98,23.795171,86.429687,0
31.8,72.1,133.8,96,93,23.796662,86.42943,1
32.0,66.7,100.1,98,94,23.796019,86.429527,1
40.6,77.2,283.8,128,91,23.795027,86.430599,2
34.0,69.7,94.1,97,93,23.795833,86.429412,1
34.6,74.6,82.2,95,94,23.795882,86.430615,1
31.2,59.3,121.9,101,94,23.795643,86.431209,1
23.1,44.3,23.6,65,98,23.795701,86.430222,0
32.0,66.7,77.8,95,93,23.796565,86.429722,1
21.5,47.3,12.3,84,99,23.794771,86.430743,0
29.7,62.5,76.7,93,94,23.795476,86.431061,1
32.9,63.1,109.2,98,93,23.796301,86.430279,1
26.7,58.8,31.0,86,97,23.796223,86.429859,0
21.3,47.4,15.9,62,96,23.795957,86.43016,0
30.3,59.7,34.5,76,99,23.794853,86.429621,0
30.0,61.1,146.6,90,94,23.795641,86.430851,1
25.0,47.3,14.0,67,98,23.79604,86.430583,0
34.7,72.1,89.8,90,94,23.794743,86.431297,1
25.9,48.7,20.6,75,98,23.795325,86.430245,0
33.7,61.1,124.6,94,93,23.796161,86.430697,1
23.8,45.7,29.8,86,98,23.795207,86.429467,0
27.2,45.4,13.8,69,98,23.796398,86.429608,0
30.9,70.2,83.9,107,94,23.794851,86.430602,1
33.8,66.5,114.9,109,94,23.796183,86.430933,1
35.9,74.4,146.2,91,93,23.795254,86.430492,1
32.9,68.2,126.9,90,93,23.795834,86.430198,1
33.6,69.6,52.2,92,94,23.795709,86.43049,1
45.3,96.7,925.7,163,81,23.796689,86.431352,3
37.6,84.6,188.4,125,88,23.79538,86.429865,2
25.0,41.4,19.6,60,96,23.795162,86.431224,0
23.7,48.8,11.3,88,97,23.796362,86.430226,0
41.1,76.6,271.9,123,88,23.796297,86.430745,2
29.8,47.5,25.4,74,97,23.795511,86.430341,0
40.2,81.7,367.2,139,89,23.796018,86.430375,2
33.5,59.5,60.4,96,94,23.795825,86.430976,1
35.1,71.7,146.7,104,93,23.79474,86.429988,1
37.0,78.2,321.4,138,91,23.795214,86.430963,2
39.7,91.5,259.4,128,89,23.795175,86.429548,2
22.3,55.6,16.0,86,96,23.796219,86.430489,0
31.6,69.1,55.2,107,94,23.796023,86.431055,1
37.8,79.2,265.2,122,89,23.7963,86.431057,2
28.0,54.0,33.0,88,98,23.795523,86.429529,0
32.5,61.6,111.3,96,94,23.794793,86.431381,1
33.0,62.6,90.7,94,93,23.796255,86.429703,1
30.5,62.6,54.6,90,93,23.794757,86.430302,1
37.8,82.6,224.3,125,91,23.795561,86.43021,2
20.9,55.6,44.1,87,97,23.794884,86.430686,0
21.1,45.0,36.7,75,98,23.795023,86.430115,0
31.8,66.7,132.6,96,93,23.794711,86.431108,1
25.6,54.9,26.7,70,99,23.795564,86.431222,0
28.1,54.4,47.4,61,97,23.795492,86.42966,0
23.0,43.7,23.1,64,97,23.796161,86.431183,0
29.5,71.8,91.0,104,93,23.794982,86.43067,1
38.9,77.3,295.5,130,88,23.795105,86.430183,2
23.2,47.9,12.8,87,96,23.795913,86.430713,0
22.3,54.5,37.0,86,97,23.795597,86.431062,0
23.1,59.0,27.5,70,99,23.795289,86.431369,0
40.8,86.1,277.9,133,88,23.796171,86.431245,2
53.7,94.2,832.9,144,78,23.794912,86.431044,3
29.5,47.3,31.6,67,98,23.796426,86.430467,0
31.4,42.7,36.5,76,96,23.794704,86.42984,0
33.7,70.1,50.1,91,94,23.795781,86.429528,1
22.0,43.3,20.6,69,96,23.794702,86.430656,0
23.8,51.5,31.8,75,99,23.79645,86.429656,0
32.2,48.3,41.1,89,96,23.796382,86.431264,0
42.3,87.7,211.7,118,91,23.795831,86.430076,2
29.4,73.9,115.0,101,94,23.795959,86.431209,1
31.1,75.7,98.4,106,94,23.796474,86.430149,1
33.8,65.8,138.9,101,94,23.796079,86.431388,1
33.4,67.9,77.4,108,93,23.796559,86.430054,1
20.8,46.5,16.7,86,97,23.796692,86.430339,0
32.5,69.9,148.1,106,94,23.795311,86.429795,1
25.0,51.5,42.9,64,96,23.795622,86.43022,0
45.4,93.7,559.1,152,74,23.795267,86.431319,3
22.6,52.4,24.1,64,97,23.796087,86.430744,0
53.0,91.7,486.6,175,83,23.79491,86.429989,3
34.3,86.7,166.7,121,91,23.795089,86.430627,2
22.5,42.7,25.0,60,99,23.795861,86.430238,0
43.9,95.7,757.6,171,79,23.795386,86.429818,3
37.3,80.1,157.6,131,91,23.79575,86.431168,2
32.3,63.5,148.0,92,94,23.796162,86.429585,1
29.4,40.8,37.3,77,96,23.796067,86.430542,0
19.7,56.5,11.0,70,99,23.796105,86.43007,0
34.7,70.3,145.6,108,93,23.795572,86.43013,1
36.8,77.6,242.6,128,91,23.795426,86.430256,2
33.0,60.0,123.6,98,94,23.796283,86.430822,1
24.6,56.9,10.7,63,98,23.796358,86.430491,0
21.8,45.1,24.2,88,96,23.796265,86.430115,0
50.4,97.8,502.7,162,85,23.795361,86.431167,3
34.2,75.7,110.8,97,93,23.79602,86.430729,1
22.4,47.8,24.4,79,99,23.79553,86.431328,0
21.9,52.2,24.5,88,97,23.796501,86.429566,0
35.7,68.2,51.9,94,94,23.795414,86.429631,1
37.1,83.8,351.4,130,88,23.794772,86.430856,2
23.2,50.1,17.7,81,98,23.79557,86.430415,0
40.6,79.2,329.0,134,88,23.79617,86.430918,2
40.5,77.9,185.1,122,88,23.795325,86.42977,2
23.8,58.8,14.4,79,97,23.794842,86.431388,0
26.8,40.9,20.5,63,96,23.795049,86.431209,0
34.5,69.9,81.2,96,93,23.796666,86.430701,1
21.7,44.5,18.7,85,96,23.795716,86.431338,0
36.4,85.8,330.7,112,90,23.796522,86.430939,2
36.1,89.2,220.1,134,90,23.795087,86.431069,2
49.8,94.4,886.6,175,86,23.795321,86.430606,3
41.3,80.4,253.1,110,88,23.796626,86.43043,2
33.4,61.6,126.9,102,93,23.795025,86.430407,1
49.7,92.5,947.1,157,74,23.796239,86.429873,3
35.3,76.4,126.4,104,94,23.794734,86.430289,1
42.3,90.7,304.1,114,89,23.796104,86.431126,2
36.9,75.8,296.2,114,89,23.795256,86.43059,2
31.7,62.0,98.4,101,94,23.795308,86.431191,1
28.4,42.5,26.3,74,96,23.794826,86.429557,0
39.7,78.7,252.0,111,90,23.796223,86.431271,2
36.3,77.4,196.9,121,91,23.795829,86.429976,2
22.6,48.4,19.2,79,98,23.796419,86.431181,0
34.1,71.3,62.4,95,94,23.796613,86.429875,1
33.4,63.3,87.2,104,94,23.795018,86.430942,1
24.7,43.4,36.9,68,98,23.796059,86.4303,0
50.1,91.5,687.5,168,83,23.795959,86.42999,3
25.5,47.0,17.8,78,97,23.796699,86.431313,0
27.9,59.5,16.0,65,98,23.794777,86.430048,0
30.9,71.3,102.0,105,93,23.795639,86.430561,1
24.6,49.5,39.3,62,99,23.794883,86.431304,0
32.3,70.2,138.1,91,93,23.796408,86.43034,1
37.4,85.1,329.7,138,91,23.796102,86.429746,2
33.5,64.4,101.0,101,94,23.794888,86.429929,1
24.7,52.1,41.6,85,99,23.796025,86.431216,0
21.6,58.5,27.3,85,97,23.795301,86.430157,0
30.9,68.8,135.2,94,94,23.795886,86.430846,1
32.4,70.2,122.2,106,93,23.79654,86.429945,1
26.1,57.6,20.5,72,99,23.796163,86.431182,0
35.9,60.3,57.9,109,93,23.796114,86.431258,1
40.7,77.8,313.8,125,91,23.79561,86.429458,2
30.2,68.2,70.8,90,94,23.796622,86.430355,1
32.3,60.3,94.9,103,93,23.795928,86.431194,1
27.7,45.1,17.5,68,98,23.796376,86.43111,0
42.3,94.1,691.5,147,77,23.795415,86.430978,3
52.8,94.7,508.0,142,75,23.795187,86.430444,3
23.0,54.2,47.2,74,96,23.795717,86.430638,0
30.4,67.4,82.5,95,93,23.796244,86.430722,1
27.0,46.0,20.4,89,99,23.79492,86.430728,0
26.3,58.4,48.3,78,96,23.795751,86.431076,0
39.1,90.6,247.5,114,89,23.795846,86.431043,2
31.3,68.0,96.8,105,94,23.795657,86.430317,1
31.8,72.2,146.3,100,93,23.79502,86.429933,1
20.9,45.0,13.9,81,99,23.795593,86.430645,0
31.0,63.4,120.4,94,93,23.794845,86.431115,1
31.2,64.4,62.4,99,93,23.796668,86.430654,1
38.5,79.4,261.6,131,91,23.795187,86.430578,2
25.8,54.0,25.3,75,97,23.796422,86.430399,0
30.5,64.4,118.5,93,94,23.796169,86.431081,1
40.0,81.3,384.6,130,91,23.795196,86.431063,2
37.4,75.3,343.1,116,91,23.795161,86.430814,2
41.5,84.3,250.7,118,89,23.795711,86.429867,2
30.3,44.0,36.7,77,99,23.796195,86.431233,0
33.0,62.0,118.8,96,94,23.796418,86.430677,1
37.5,77.4,288.8,113,89,23.794926,86.429506,2
26.9,42.9,16.2,82,98,23.79537,86.431236,0
21.8,41.4,19.3,73,96,23.794985,86.431209,0
27.6,44.8,42.3,74,96,23.79586,86.429552,0
54.4,100.3,400.2,145,76,23.7949,86.429406,3
39.9,85.3,310.0,117,91,23.796611,86.430471,2
33.7,61.8,145.3,106,93,23.79528,86.429447,1
52.9,92.4,948.8,153,79,23.795375,86.430956,3
48.2,92.6,480.3,157,74,23.795604,86.429941,3
45.9,95.8,586.4,178,79,23.794997,86.429531,3
37.1,77.4,385.0,133,91,23.795702,86.430028,2
23.4,64.4,28.8,79,98,23.796497,86.430821,0
33.9,62.6,148.0,91,93,23.79639,86.430484,1
35.7,75.5,322.0,111,90,23.794858,86.430461,2
37.2,76.8,351.6,138,88,23.795553,86.431391,2
25.1,46.6,31.5,65,97,23.79578,86.429939,0
39.9,76.7,260.6,117,91,23.796536,86.429643,2
33.5,60.8,89.0,106,94,23.796137,86.429671,1
33.3,66.8,113.2,107,94,23.795837,86.429922,1
21.7,42.9,38.6,89,96,23.794994,86.431072,0
31.1,62.9,61.5,97,93,23.796325,86.431174,1
33.5,74.1,135.2,107,94,23.795344,86.429928,1
19.0,52.0,34.8,61,97,23.796558,86.431364,0
42.8,86.4,315.0,115,88,23.795893,86.431161,2
37.6,87.3,247.9,122,90,23.796101,86.429628,2
22.3,48.2,38.2,65,97,23.796504,86.430716,0
41.6,73.5,289.7,120,91,23.795099,86.430066,2
26.4,54.7,29.5,87,96,23.796307,86.429409,0
33.3,63.0,95.0,93,93,23.795865,86.430073,1
29.5,47.1,33.5,77,97,23.794835,86.429961,0
44.4,98.4,869.1,159,81,23.795002,86.431241,3
33.3,66.5,63.0,106,93,23.79637,86.429944,1
35.4,78.8,93.8,108,93,23.795283,86.430368,1
36.6,88.8,250.5,133,88,23.795664,86.429724,2
20.9,42.8,49.5,70,98,23.795932,86.430977,0
30.9,66.1,134.0,100,93,23.796372,86.429931,1
23.8,49.9,29.3,64,97,23.796545,86.430969,0
23.4,58.8,36.9,75,96,23.794721,86.429556,0
41.4,78.2,231.4,111,88,23.795542,86.43099,2
34.8,71.1,59.0,93,94,23.796172,86.430844,1
31.1,78.2,116.6,96,93,23.796146,86.430873,1
31.1,67.3,72.9,108,94,23.795857,86.430289,1
40.9,83.9,279.2,123,91,23.795819,86.430981,2
22.8,45.2,49.5,84,98,23.795746,86.429818,0
32.3,73.6,143.8,106,94,23.796348,86.430022,1
32.4,68.8,105.2,92,93,23.795827,86.429659,1
20.6,57.6,48.3,70,98,23.795952,86.429915,0
26.6,51.7,10.2,74,96,23.796018,86.429732,0
45.7,96.0,531.6,175,80,23.795371,86.430111,3
34.9,61.6,68.0,90,94,23.795154,86.429899,1
39.1,88.0,364.2,117,91,23.795811,86.431309,2
30.0,63.8,101.1,106,93,23.795155,86.430183,1
21.0,46.0,43.4,75,96,23.796199,86.429478,0
36.5,72.6,89.0,92,93,23.795638,86.429676,1
21.2,60.3,35.5,76,96,23.796244,86.430972,0
35.4,93.1,364.2,129,90,23.796595,86.430928,2
33.3,65.2,86.6,104,94,23.795086,86.429951,1
19.6,47.1,21.4,74,97,23.795741,86.429688,0
25.7,42.2,43.9,67,97,23.795192,86.431358,0
30.9,58.3,74.6,104,94,23.795981,86.42944,1
49.9,100.0,788.7,179,73,23.794932,86.430632,3
21.3,42.5,16.6,77,99,23.79545,86.430885,0
29.0,53.9,16.5,60,96,23.79533,86.430604,0
29.2,49.0,49.6,60,96,23.796383,86.431392,0
34.2,67.4,146.4,107,94,23.795153,86.429778,1
42.3,87.8,263.8,135,90,23.796213,86.430272,2
37.2,79.0,285.2,129,90,23.795766,86.430895,2
32.2,68.6,78.8,102,93,23.796381,86.430499,1
34.3,65.0,100.7,100,93,23.794985,86.431267,1
21.9,49.4,12.9,87,97,23.795702,86.430968,0
25.6,58.0,24.2,74,97,23.796269,86.429765,0
34.6,83.7,219.3,135,90,23.796332,86.430613,2
28.0,55.4,30.3,63,99,23.796519,86.430387,0
28.8,42.3,36.5,80,98,23.795287,86.430671,0
30.9,64.0,143.2,91,94,23.794813,86.429796,1
28.6,51.4,34.1,68,99,23.795668,86.430802,0
34.4,63.6,123.0,95,94,23.795187,86.430314,1
33.0,66.2,88.6,96,94,23.795421,86.429694,1
22.3,62.4,38.6,60,97,23.79519,86.430721,0
37.4,90.1,231.7,113,90,23.795478,86.429744,2
27.3,37.3,46.1,62,96,23.794761,86.430763,0
39.6,79.4,273.5,125,89,23.795333,86.431251,2
34.6,67.0,81.4,93,93,23.796642,86.430046,1
32.1,65.7,108.1,100,93,23.795933,86.431287,1
23.8,52.3,29.1,61,98,23.795394,86.429675,0
41.1,85.4,314.4,115,91,23.794727,86.43125,2
49.5,97.3,419.0,156,82,23.796693,86.430989,3
41.9,83.6,350.2,120,91,23.795963,86.431173,2
24.0,40.0,40.1,71,97,23.796189,86.430509,0
26.3,49.4,11.0,74,97,23.796672,86.429522,0
22.5,45.0,34.1,78,98,23.79497,86.429923,0
52.1,91.8,461.3,167,72,23.79539,86.429815,3
36.4,80.1,283.0,120,88,23.795556,86.429557,2
51.3,95.6,412.2,166,82,23.795574,86.429713,3
22.8,52.1,47.9,81,97,23.794904,86.430509,0
24.3,46.1,36.4,71,96,23.796133,86.429747,0
37.6,85.5,298.6,112,90,23.796545,86.431002,2
26.6,49.5,28.4,68,96,23.795301,86.430571,0
34.4,72.7,115.9,94,94,23.79614,86.430016,1
36.2,82.4,357.0,111,91,23.795035,86.431343,2
33.7,73.3,58.1,99,94,23.794944,86.430905,1
20.0,39.8,32.7,84,96,23.795822,86.431163,0
32.6,70.0,50.3,95,94,23.796489,86.430117,1
42.0,85.6,349.0,110,90,23.795366,86.430432,2
26.2,59.5,24.6,66,96,23.795586,86.429457,0
38.1,79.8,259.7,114,88,23.796486,86.430881,2
31.6,65.3,105.5,95,94,23.794925,86.430175,1
21.1,50.4,10.1,74,97,23.796074,86.430049,0
27.6,48.4,49.1,64,97,23.794828,86.430415,0
54.5,90.2,474.2,169,85,23.795074,86.429509,3
30.4,63.7,136.1,94,93,23.795948,86.429981,1
29.5,48.3,19.2,72,99,23.795046,86.430617,0
44.3,96.1,724.5,149,76,23.796279,86.430719,3
28.4,52.9,39.5,89,98,23.795328,86.429916,0
30.2,61.6,143.6,91,94,23.796137,86.431108,1
23.4,42.7,47.9,63,98,23.795797,86.430967,0
35.3,84.5,288.2,118,91,23.795221,86.431074,2
31.5,70.0,91.1,93,93,23.795225,86.430378,1
32.8,74.4,97.5,90,94,23.795278,86.429403,1
42.2,83.4,221.9,133,88,23.796121,86.430455,2
35.0,68.8,57.3,106,94,23.795342,86.430131,1
33.1,75.2,135.6,92,94,23.796633,86.429956,1
54.4,94.7,877.7,150,85,23.795354,86.430436,3
34.1,65.5,55.3,96,94,23.796515,86.430525,1
42.3,80.9,231.9,124,88,23.795595,86.430323,2
24.9,50.3,26.4,85,98,23.795431,86.430693,0
24.0,41.1,21.8,79,99,23.795286,86.429555,0
19.6,53.6,49.3,61,96,23.795391,86.430232,0
29.3,43.0,21.6,78,98,23.795588,86.43019,0
54.7,94.1,403.0,173,75,23.795143,86.431034,3
32.8,59.2,54.3,90,94,23.796632,86.42978,1
41.3,100.6,810.0,152,83,23.795591,86.430054,3
37.0,90.3,369.9,126,91,23.796082,86.43047,2
20.4,40.4,14.0,70,99,23.795211,86.429613,0
41.7,87.8,339.6,113,90,23.795458,86.430831,2
24.2,43.2,39.9,63,97,23.796397,86.429636,0
20.4,55.6,35.6,74,96,23.795489,86.431305,0
24.1,59.7,35.0,85,97,23.795233,86.429555,0
32.5,71.1,135.7,103,94,23.795492,86.430708,1
32.6,65.3,73.8,95,94,23.79638,86.430448,1
33.9,72.1,132.9,90,94,23.796621,86.430681,1
21.7,59.7,37.0,68,97,23.796042,86.431258,0
19.7,51.7,30.9,77,98,23.794832,86.430274,0
33.8,71.6,74.5,109,94,23.795206,86.430853,1
37.3,83.1,308.6,136,88,23.795171,86.43112,2
30.6,68.9,82.8,98,94,23.796502,86.430625,1
42.8,95.1,501.5,154,75,23.79602,86.429955,3
48.8,91.6,565.0,167,80,23.796641,86.429449,3
41.2,89.4,247.6,131,91,23.795308,86.430203,2
39.2,78.5,323.4,123,91,23.796269,86.430829,2
38.2,86.9,253.9,127,91,23.795066,86.430438,2
26.4,43.9,31.4,77,99,23.796394,86.42957,0
37.9,88.2,323.9,133,91,23.796476,86.42973,2
27.8,57.6,23.6,65,97,23.79538,86.431247,0
41.2,78.8,319.9,112,88,23.796271,86.430775,2
34.0,67.3,53.1,103,94,23.7958,86.429979,1
38.1,70.5,136.0,105,94,23.79523,86.429674,1
44.1,98.2,472.0,150,80,23.795285,86.42966,3
34.5,57.3,63.9,100,94,23.796307,86.430575,1
53.5,93.1,869.0,152,81,23.794712,86.430974,3
41.4,83.9,229.4,125,90,23.794959,86.429754,2
30.3,51.6,43.6,76,96,23.794711,86.429507,0
27.1,55.3,30.7,80,99,23.795312,86.430478,0
29.5,63.8,97.4,91,94,23.794903,86.429623,1
32.3,68.9,90.1,93,93,23.795245,86.43117,1
33.6,75.1,83.3,104,94,23.795319,86.430912,1
35.4,77.5,386.7,117,91,23.795405,86.429722,2
21.5,48.1,28.4,76,97,23.794893,86.430529,0
40.5,76.8,243.1,128,91,23.795695,86.430427,2
26.8,49.9,31.1,63,96,23.796153,86.430726,0
21.2,54.6,26.0,82,98,23.796073,86.429573,0
26.1,54.8,37.5,80,97,23.796487,86.430567,0
20.0,50.7,37.1,72,97,23.794787,86.430924,0
35.2,61.3,79.9,103,93,23.794921,86.43112,1
53.1,95.9,476.7,177,81,23.796138,86.429861,3
31.2,64.6,130.8,101,93,23.795909,86.430354,1
28.9,50.8,29.4,75,97,23.796282,86.429906,0
31.2,63.7,139.9,105,94,23.796294,86.431279,1
37.5,85.7,229.5,111,89,23.795393,86.430419,2
46.4,97.8,939.6,142,86,23.794919,86.42988,3
23.9,56.4,43.4,85,97,23.794781,86.43049,0
29.1,48.0,29.9,82,99,23.795114,86.431103,0
38.1,88.9,198.8,120,91,23.79572,86.429839,2
23.6,43.0,37.0,61,96,23.795308,86.429908,0
33.4,65.0,54.3,104,94,23.794787,86.430922,1
25.5,41.1,26.7,70,98,23.796067,86.430283,0
40.0,83.0,180.9,110,90,23.795564,86.42966,2
49.2,90.4,684.9,179,78,23.795165,86.4305,3
53.9,90.6,405.5,147,85,23.795543,86.429458,3
25.4,49.0,18.5,86,99,23.796666,86.429721,0
30.3,67.5,122.8,101,93,23.796383,86.430104,1
48.9,100.2,481.8,176,81,23.794902,86.43009,3
29.1,67.2,82.7,108,93,23.795434,86.431277,1
27.3,44.8,36.6,69,96,23.795587,86.430879,0
36.0,84.8,283.7,136,91,23.796413,86.430011,2
36.6,74.2,354.5,123,89,23.796312,86.429573,2
38.2,91.0,197.2,118,91,23.796086,86.430462,2
34.7,70.3,69.5,106,94,23.794964,86.430007,1
41.8,78.9,220.8,126,89,23.79475,86.4306,2
29.7,62.5,67.6,91,93,23.794796,86.430912,1
36.3,85.4,216.3,110,90,23.795289,86.429513,2
38.8,76.8,250.8,123,91,23.795619,86.430257,2
40.1,90.3,188.9,121,88,23.79507,86.429644,2
36.0,86.8,334.1,115,89,23.796186,86.430276,2
41.7,85.7,336.6,118,89,23.795699,86.431352,2
29.1,50.7,35.4,73,97,23.79661,86.430044,0
42.9,92.7,514.5,158,84,23.795375,86.430267,3
28.1,49.4,37.4,67,99,23.795157,86.431311,0
26.4,40.5,40.3,70,98,23.795691,86.431094,0
24.4,50.0,28.4,68,97,23.796426,86.429763,0
38.4,85.2,332.5,134,88,23.796058,86.429983,2
40.7,85.4,378.5,138,89,23.795036,86.431259,2
39.3,85.6,247.5,138,89,23.794754,86.43135,2
40.5,82.5,200.6,119,90,23.79578,86.429884,2
25.8,51.6,38.1,65,99,23.795918,86.430822,0
19.5,48.1,14.7,72,99,23.795341,86.43096,0
54.0,92.7,876.3,176,84,23.795792,86.43077,3
35.4,75.2,316.0,137,88,23.795282,86.429949,2
29.1,50.3,13.8,79,97,23.795763,86.430785,0
28.4,53.3,24.4,75,99,23.795969,86.431262,0
49.1,99.8,814.7,164,76,23.795942,86.430615,3
34.6,68.2,112.6,104,94,23.796533,86.4304,1
25.4,47.2,29.7,64,99,23.794923,86.430521,0
22.4,40.7,37.6,71,99,23.79509,86.429905,0
33.4,71.9,95.0,104,93,23.795838,86.429465,1
20.9,50.5,26.5,67,99,23.796195,86.430426,0
24.7,56.3,36.2,87,97,23.79538,86.431142,0
31.1,69.7,65.9,97,94,23.795499,86.429475,1
21.4,49.5,31.9,79,96,23.796341,86.429675,0
35.0,72.5,114.6,107,94,23.795679,86.429931,1
38.0,77.8,381.3,132,89,23.794988,86.429954,2
34.1,65.7,88.3,95,93,23.79617,86.43042,1
36.2,77.7,210.1,126,90,23.795556,86.430868,2
22.9,51.3,18.4,80,98,23.795759,86.430348,0
26.4,56.6,35.5,76,96,23.795705,86.431295,0
26.1,36.2,10.6,87,99,23.796575,86.43086,0
31.5,69.4,133.7,103,94,23.794727,86.431164,1
34.3,61.6,122.4,92,93,23.796667,86.43025,1
38.6,86.2,270.7,118,89,23.795053,86.429914,2
21.6,58.1,29.9,86,97,23.795061,86.4309,0
36.6,73.6,318.5,134,88,23.796042,86.429996,2
41.0,82.2,318.2,114,90,23.796577,86.430958,2
31.3,75.0,118.9,107,93,23.796163,86.430349,1
21.6,51.1,47.5,76,99,23.795352,86.430656,0
33.4,70.5,61.9,108,93,23.795493,86.429581,1
55.2,92.7,747.9,162,76,23.795759,86.430421,3
36.6,87.2,317.3,127,91,23.794903,86.430664,2
39.6,77.4,253.5,135,91,23.79496,86.431218,2
22.4,46.4,39.8,85,97,23.795089,86.431012,0
20.5,51.0,40.7,82,99,23.796346,86.429795,0
25.5,56.0,21.3,75,97,23.795629,86.430795,0
21.1,51.4,42.9,84,97,23.795064,86.430725,0
41.7,85.3,296.5,124,89,23.79606,86.430973,2
35.1,68.0,108.1,92,93,23.795052,86.430414,1
28.1,46.8,30.4,71,96,23.796275,86.430571,0
24.1,48.2,13.0,62,98,23.795084,86.430743,0
39.3,89.6,290.2,124,88,23.795416,86.429781,2
32.7,72.1,114.8,104,93,23.794903,86.430686,1
33.8,62.4,149.5,105,94,23.795946,86.429458,1
51.1,99.4,544.7,169,83,23.796015,86.430692,3
44.5,96.1,971.6,170,76,23.795352,86.431291,3
30.5,66.7,54.4,92,93,23.795109,86.431027,1
22.6,40.2,41.0,89,99,23.796297,86.429675,0
38.2,85.4,345.0,131,89,23.795917,86.430209,2
30.1,40.6,36.9,72,98,23.795674,86.431197,0
23.2,54.4,11.3,63,96,23.795008,86.429876,0
33.3,73.6,94.7,93,93,23.796673,86.429749,1
26.9,46.6,26.0,81,99,23.795479,86.429822,0
31.3,67.8,62.1,94,94,23.79544,86.431148,1
31.8,61.1,54.7,95,94,23.796143,86.430923,1
26.5,45.1,19.6,70,97,23.795133,86.429884,0
36.9,79.7,322.1,117,90,23.795813,86.430094,2
31.7,72.0,103.8,104,93,23.794907,86.430305,1
31.3,65.3,114.0,98,94,23.796648,86.429552,1
37.2,79.1,250.3,115,89,23.79651,86.430513,2
28.2,55.2,29.0,81,98,23.796449,86.430943,0
28.2,57.8,43.0,79,96,23.796133,86.430727,0
32.8,70.9,148.0,92,94,23.795166,86.429988,1
36.0,87.3,277.5,121,88,23.795243,86.431017,2
23.2,43.4,48.6,75,97,23.795291,86.430143,0
28.6,54.0,32.9,87,97,23.796516,86.43077,0
22.8,55.5,40.6,77,98,23.796122,86.429612,0
36.1,80.5,315.7,124,91,23.795411,86.430678,2
25.4,57.7,17.0,73,97,23.795456,86.429409,0
40.7,83.9,390.7,128,88,23.794981,86.429428,2
40.2,84.8,329.4,112,88,23.795128,86.429532,2
22.9,55.8,16.2,67,97,23.79611,86.43016,0
40.2,78.8,198.5,119,88,23.796667,86.429502,2
38.6,75.7,198.4,115,90,23.796559,86.429417,2
28.8,56.6,30.3,66,97,23.795021,86.430698,0
30.2,59.5,19.6,75,99,23.795835,86.431322,0
28.9,55.5,29.6,61,96,23.796377,86.430608,0
21.8,48.2,17.8,64,97,23.794777,86.429849,0
24.5,53.8,24.9,69,98,23.796694,86.431026,0
32.6,60.9,86.3,95,93,23.795075,86.429924,1
41.2,73.7,314.7,119,89,23.795575,86.430583,2
37.1,81.1,191.5,129,88,23.794812,86.429994,2
29.5,67.2,92.4,102,93,23.796534,86.429692,1
28.8,43.2,15.0,71,98,23.795514,86.431192,0
32.7,71.1,83.4,104,93,23.795062,86.430769,1
22.0,40.1,46.5,70,99,23.796024,86.430108,0
23.0,48.7,39.1,79,97,23.795284,86.431004,0
33.3,67.3,102.6,95,93,23.795631,86.429767,1
45.4,87.5,494.9,145,82,23.794913,86.430003,3
28.6,43.0,24.0,61,96,23.7948,86.43054,0
23.7,44.7,17.1,79,99,23.794789,86.430989,0
28.4,52.1,48.4,84,97,23.795394,86.430506,0
33.7,63.5,110.1,101,94,23.795342,86.431153,1
28.7,62.3,71.8,105,93,23.795526,86.431281,1
22.2,52.5,28.2,86,96,23.796182,86.429522,0
19.4,40.2,17.2,65,98,23.796376,86.430672,0
31.3,67.8,147.7,106,94,23.795387,86.430872,1
39.2,78.0,379.8,134,88,23.796105,86.431036,2
38.4,74.7,227.0,126,90,23.796295,86.430088,2
25.1,52.6,46.8,67,99,23.795385,86.4309,0
23.2,39.5,44.1,82,98,23.795475,86.430078,0
22.0,54.5,41.0,62,97,23.795744,86.430098,0
37.9,80.1,370.7,139,89,23.796222,86.429897,2
25.1,58.5,24.2,73,96,23.794706,86.43046,0
43.3,80.3,292.2,130,88,23.7961,86.431233,2
34.3,67.7,112.2,90,94,23.795702,86.430041,1
26.7,44.5,32.7,78,98,23.79475,86.430198,0
32.6,75.6,141.1,102,93,23.795264,86.430203,1
37.3,79.1,237.4,123,90,23.795362,86.429412,2
48.0,93.4,890.0,154,75,23.795162,86.431376,3
36.8,90.2,367.4,115,89,23.796681,86.430485,2
36.1,80.4,363.1,121,89,23.795708,86.429993,2
32.3,60.8,134.7,101,93,23.794974,86.42967,1
23.9,52.9,43.1,68,96,23.79556,86.431173,0
28.5,51.8,35.9,67,96,23.795706,86.429512,0
20.8,41.3,15.1,62,99,23.79606,86.43013,0
22.3,50.6,19.8,61,96,23.795369,86.430257,0
36.1,84.0,354.0,114,90,23.794961,86.430211,2
34.3,62.1,73.0,95,93,23.796175,86.430409,1
39.0,88.9,317.6,133,88,23.795285,86.430947,2
34.3,61.8,53.5,98,93,23.795166,86.431382,1
52.9,94.9,741.6,175,79,23.794871,86.430286,3
28.9,49.2,49.5,71,99,23.795464,86.429902,0
33.2,69.6,89.5,105,93,23.795794,86.430116,1
22.4,53.2,37.8,74,97,23.795515,86.430095,0
40.1,84.8,367.1,138,91,23.796445,86.430677,2
42.1,81.2,393.9,125,91,23.795296,86.430438,2
44.6,97.0,894.3,143,79,23.796119,86.430857,3
28.8,56.0,12.6,79,97,23.795662,86.429836,0
30.8,67.5,132.8,96,93,23.795136,86.431362,1
25.5,50.2,35.6,81,99,23.796314,86.431029,0
34.9,77.7,134.9,102,94,23.796339,86.430463,1
27.2,42.3,48.3,77,97,23.795579,86.430011,0
23.6,53.2,12.8,62,97,23.794792,86.430221,0
41.7,85.0,398.6,129,90,23.795752,86.431354,2
29.1,50.9,34.5,62,97,23.796231,86.430245,0
38.3,75.1,252.4,122,90,23.79499,86.430794,2
34.6,57.8,83.2,100,93,23.794811,86.431341,1
32.7,62.7,139.4,92,94,23.796103,86.430473,1
31.5,63.9,106.1,93,93,23.795333,86.431362,1
37.6,88.6,319.0,115,90,23.796599,86.430054,2
28.5,46.1,32.8,64,99,23.796208,86.430665,0
25.5,51.4,20.4,77,96,23.795832,86.430981,0
27.7,46.9,20.1,75,98,23.795758,86.429937,0
24.3,51.2,22.2,80,97,23.795613,86.43059,0
21.7,42.8,47.0,61,96,23.794845,86.430003,0
19.6,53.8,12.3,61,96,23.795145,86.429991,0
30.7,74.9,79.6,95,94,23.795771,86.429879,1
21.9,56.2,20.3,68,98,23.796216,86.429694,0
40.7,85.1,375.2,117,89,23.796591,86.431358,2
19.6,59.2,47.4,72,98,23.795753,86.429861,0
34.2,70.2,116.3,106,93,23.796368,86.430843,1
21.6,39.8,36.3,64,99,23.796274,86.43018,0
19.0,46.1,28.5,68,96,23.794806,86.430866,0
31.3,61.4,92.2,95,94,23.796047,86.429496,1
31.7,61.0,144.6,91,94,23.795338,86.431276,1
34.1,72.5,110.8,103,94,23.795361,86.42966,1
26.2,43.9,31.4,61,99,23.796329,86.430963,0
25.7,44.6,26.3,79,96,23.795363,86.430973,0
26.4,53.0,41.2,69,98,23.795307,86.430936,0
32.7,69.9,141.6,105,93,23.795169,86.430462,1
23.1,37.2,30.7,88,99,23.794766,86.430406,0
30.3,61.7,55.8,109,93,23.796302,86.431033,1
49.1,91.9,541.0,174,75,23.795561,86.430017,3
21.4,59.7,11.7,89,98,23.796572,86.430885,0
28.9,45.7,26.8,82,98,23.795128,86.430124,0
30.4,59.2,85.1,109,93,23.795703,86.430305,1
32.2,63.1,142.1,101,93,23.794892,86.430705,1
34.8,88.3,273.5,116,88,23.795826,86.430637,2
20.7,51.6,18.5,80,97,23.796296,86.429408,0
31.6,68.3,58.2,105,94,23.796429,86.429641,1
34.7,84.1,226.2,120,89,23.794927,86.429872,2
24.0,52.3,39.7,84,99,23.796675,86.430345,0
22.8,61.6,25.2,69,98,23.796028,86.42955,0
23.1,44.4,39.5,83,97,23.795571,86.429871,0
29.4,70.0,74.7,109,94,23.796006,86.429725,1
38.8,78.4,160.0,123,88,23.795596,86.429559,2
32.5,60.9,97.7,99,93,23.794905,86.429791,1
25.3,38.9,11.0,69,96,23.794895,86.430974,0
23.4,51.8,27.7,84,99,23.795867,86.429964,0
34.6,65.6,113.4,95,94,23.795252,86.430402,1
28.3,42.8,27.8,62,98,23.795369,86.431322,0
25.8,43.8,42.8,84,96,23.796072,86.430729,0
54.7,89.8,978.1,175,73,23.79629,86.430468,3
29.7,41.9,16.8,67,96,23.795146,86.430606,0
29.0,56.9,44.9,67,99,23.795303,86.429542,0
38.9,92.0,285.8,135,91,23.796641,86.430902,2
53.1,94.3,670.0,145,75,23.795714,86.430285,3
23.0,59.4,34.0,87,96,23.794794,86.430648,0
28.0,52.1,11.6,75,98,23.795717,86.430163,0
38.4,77.8,293.3,132,88,23.795662,86.431233,2
23.1,51.9,49.6,62,97,23.794971,86.430214,0
29.6,53.7,13.8,86,98,23.795755,86.430273,0
29.0,54.1,42.3,87,96,23.795774,86.430774,0
23.6,44.0,43.8,72,96,23.795159,86.430397,0
22.2,53.6,14.6,87,97,23.795221,86.429741,0
22.9,50.4,31.9,68,97,23.79624,86.430869,0
41.3,87.5,182.9,124,91,23.7954,86.431374,2
40.2,79.1,224.8,119,88,23.795776,86.429762,2
29.3,53.5,26.4,79,96,23.794903,86.430371,0
55.4,92.5,846.7,147,74,23.796296,86.430764,3
41.0,82.8,180.2,139,89,23.795784,86.431182,2
26.9,44.7,32.8,83,96,23.795048,86.430007,0
40.5,88.3,376.9,135,89,23.794991,86.431249,2
30.2,64.5,102.5,102,94,23.79618,86.430392,1
27.2,42.6,44.2,73,98,23.794911,86.429967,0
29.3,55.0,13.0,81,96,23.795547,86.429572,0
23.7,50.3,24.2,84,97,23.795422,86.431295,0
21.4,45.5,38.1,70,98,23.795281,86.430125,0
31.1,64.7,131.2,90,94,23.795785,86.43076,1
34.0,68.6,96.0,105,94,23.795308,86.430087,1
32.9,72.1,77.4,93,94,23.79564,86.430554,1
28.9,43.4,37.4,70,99,23.795375,86.430712,0
30.4,60.0,125.8,100,94,23.796509,86.430406,1
43.2,95.8,956.2,156,72,23.796415,86.429524,3
22.4,49.8,40.1,75,97,23.79519,86.430598,0
24.7,47.9,40.3,82,96,23.796308,86.430027,0
32.2,65.9,51.4,100,93,23.79667,86.430875,1
31.8,64.5,77.0,107,93,23.795795,86.429626,1
24.6,50.4,49.6,72,96,23.795738,86.429488,0
28.2,51.5,13.5,75,99,23.796482,86.429856,0
48.2,96.8,516.3,154,70,23.795237,86.431352,3
35.4,63.9,126.2,108,94,23.79584,86.429861,1
42.2,82.6,364.9,129,88,23.795072,86.429422,2
38.2,89.4,323.3,129,89,23.794906,86.431184,2
48.6,91.9,902.1,160,72,23.796607,86.430892,3
29.0,54.2,34.1,73,96,23.795541,86.430403,0
29.7,58.4,41.6,69,99,23.795432,86.429651,0
39.9,89.8,319.3,121,89,23.795619,86.43039,2
37.9,73.4,399.3,126,91,23.795148,86.431264,2
39.5,83.0,366.1,113,91,23.795119,86.430044,2
28.3,40.6,39.2,60,99,23.795612,86.430879,0
33.8,70.1,147.3,104,93,23.795126,86.430661,1
32.9,75.9,93.9,99,93,23.796077,86.431349,1
51.9,86.2,461.9,142,70,23.795323,86.430869,3
37.7,76.6,170.3,132,88,23.795271,86.430563,2
34.2,64.1,96.0,100,94,23.796541,86.429594,1
42.2,92.4,955.3,148,77,23.795712,86.430982,3
27.5,44.0,29.6,75,98,23.795511,86.431376,0
34.8,67.1,76.2,99,94,23.795527,86.431352,1
28.4,42.6,35.3,78,97,23.796138,86.430055,0
40.6,86.3,263.9,118,90,23.796612,86.43137,2
27.1,48.2,45.8,72,96,23.7967,86.430087,0
30.8,65.1,68.7,105,94,23.796454,86.431226,1
36.9,79.4,316.9,116,88,23.79522,86.42998,2
23.1,45.6,22.0,72,97,23.795062,86.430004,0
33.1,73.0,129.7,90,93,23.795861,86.429543,1
23.2,57.2,11.0,73,97,23.795709,86.431205,0
22.8,45.8,24.4,84,98,23.796613,86.430588,0
37.9,87.1,180.2,121,91,23.795427,86.429565,2
44.9,94.4,614.4,141,80,23.79559,86.431275,3
45.0,96.2,871.0,142,82,23.796589,86.429445,3
32.2,64.3,123.8,105,94,23.796115,86.429773,1
39.9,80.2,312.7,111,89,23.796513,86.430867,2
23.9,41.6,40.0,71,96,23.795289,86.430419,0
23.6,46.8,48.3,64,99,23.796332,86.431169,0
40.6,83.8,321.5,119,91,23.795542,86.429679,2
20.5,52.8,38.3,60,99,23.79551,86.430153,0
34.7,66.4,60.8,90,93,23.79584,86.429841,1
31.0,69.0,103.8,90,93,23.794907,86.430643,1
38.4,84.7,178.4,133,89,23.795137,86.42966,2
30.8,49.6,10.1,73,98,23.795292,86.430034,0
38.9,88.6,170.1,139,91,23.795151,86.429697,2
29.6,48.7,37.3,74,97,23.795515,86.429717,0
27.9,53.1,15.1,87,96,23.796355,86.431247,0
43.5,82.1,216.5,136,91,23.794757,86.430832,2
25.8,48.3,18.0,84,96,23.795033,86.429406,0
35.4,59.7,123.6,107,93,23.796466,86.429915,1
31.7,58.1,39.0,89,99,23.796078,86.430877,0
50.7,90.8,940.6,178,78,23.795198,86.43125,3
21.1,44.0,25.5,63,96,23.795378,86.431099,0
34.2,63.2,73.0,92,94,23.795897,86.43095,1
22.3,57.4,15.7,77,97,23.79471,86.429514,0
50.4,95.7,471.7,179,74,23.79623,86.430923,3
53.9,90.4,891.8,176,76,23.795434,86.430081,3
37.6,77.2,268.1,132,89,23.796159,86.431137,2
41.1,81.8,317.8,139,89,23.795312,86.430961,2
36.3,79.8,203.8,128,88,23.795582,86.430621,2
22.7,57.9,42.1,60,99,23.795484,86.430546,0
26.4,54.8,18.8,87,98,23.795143,86.430474,0
27.4,45.1,32.5,89,98,23.795642,86.429422,0
35.4,63.5,131.8,107,93,23.795627,86.430919,1
42.3,83.4,268.3,116,90,23.796159,86.429661,2
36.9,85.6,396.4,137,89,23.796053,86.430127,2
33.3,67.3,138.8,95,93,23.794801,86.430853,1
22.4,42.5,12.8,67,99,23.7948,86.431288,0
33.1,59.1,89.8,104,93,23.795039,86.430143,1
24.8,48.9,40.6,60,99,23.796394,86.429522,0
35.1,70.0,102.1,99,94,23.795015,86.430044,1
40.2,85.8,297.0,119,90,23.794751,86.43106,2
22.2,43.4,48.9,75,98,23.794852,86.43123,0
43.4,87.3,866.3,170,70,23.796483,86.430952,3
21.2,54.8,32.2,87,97,23.795132,86.431359,0
29.5,62.6,108.4,107,94,23.795549,86.430215,1
21.7,53.2,18.4,75,98,23.796058,86.431218,0
35.8,74.1,100.2,109,93,23.795898,86.430195,1
55.0,93.1,566.2,161,86,23.795494,86.429908,3
36.4,69.7,81.0,106,94,23.796222,86.429441,1
33.5,78.6,80.7,99,94,23.796137,86.430175,1
49.7,95.7,694.7,154,78,23.796467,86.430762,3
38.1,76.4,261.9,116,89,23.796155,86.431102,2
23.1,53.9,16.9,81,99,23.796188,86.430026,0
40.1,85.7,196.7,123,91,23.795849,86.430316,2
46.7,91.0,607.1,140,85,23.794703,86.43048,3
34.1,71.1,80.9,102,93,23.795479,86.431207,1
27.8,43.7,17.2,81,96,23.795366,86.431347,0
34.1,66.2,136.9,102,94,23.79657,86.429638,1
33.9,62.3,83.6,93,94,23.795887,86.431159,1
19.9,56.4,10.4,77,99,23.794929,86.429562,0
33.7,73.9,74.5,99,93,23.795719,86.430699,1
33.8,67.2,102.7,100,93,23.794733,86.429663,1
22.7,51.0,19.4,70,96,23.796547,86.430114,0
26.3,52.2,43.3,72,96,23.795759,86.430742,0
37.1,85.6,274.7,122,91,23.79666,86.430437,2
35.1,60.1,84.4,105,94,23.795166,86.430088,1
27.3,50.0,18.0,71,97,23.794835,86.429406,0
29.6,45.4,35.0,82,97,23.796654,86.431396,0
43.4,93.9,531.3,156,71,23.794763,86.42973,3
42.6,91.3,459.7,164,83,23.795661,86.42993,3
35.9,93.4,332.9,136,91,23.79478,86.429813,2
27.6,52.5,21.3,82,98,23.795558,86.430565,0
52.3,100.1,876.1,155,80,23.796313,86.430712,3
22.5,49.8,23.5,86,98,23.796001,86.431275,0
34.7,83.1,194.3,110,91,23.796257,86.429468,2
36.2,63.8,55.1,103,93,23.795702,86.430022,1
22.7,56.0,45.9,62,96,23.795096,86.42976,0
30.9,54.4,48.0,78,98,23.795281,86.429949,0
26.4,57.2,20.1,75,96,23.796221,86.429579,0
30.2,68.3,106.1,102,93,23.795612,86.430474,1
54.4,93.4,483.9,178,76,23.795185,86.431025,3
34.6,67.5,145.8,95,93,23.795342,86.429655,1
33.5,68.1,94.5,102,94,23.796424,86.431251,1
40.8,80.2,157.8,113,89,23.796553,86.430124,2
35.5,84.0,279.5,129,88,23.795725,86.430983,2
21.3,55.2,23.2,83,99,23.79564,86.429412,0
33.4,63.3,58.8,102,94,23.794716,86.430922,1
24.2,55.8,37.7,78,99,23.796544,86.429836,0
27.9,52.7,22.3,89,96,23.796521,86.430907,0
27.8,40.9,13.2,63,96,23.795895,86.430548,0
33.0,76.6,125.7,100,94,23.795551,86.431034,1
36.6,79.7,390.6,129,88,23.795651,86.430053,2
45.4,93.3,495.3,179,79,23.795833,86.430358,3
49.2,99.3,625.3,160,82,23.795277,86.43025,3
37.3,83.4,373.7,111,91,23.795416,86.430279,2
24.2,45.2,45.8,72,99,23.795377,86.431205,0
38.2,88.2,274.6,134,88,23.796699,86.43107,2
33.1,71.5,102.9,107,93,23.796522,86.431329,1
26.6,46.0,39.0,67,98,23.795752,86.431157,0
38.9,81.2,393.8,124,91,23.795119,86.430589,2
46.2,93.6,957.9,174,79,23.796153,86.431172,3
24.7,56.4,47.2,69,99,23.796456,86.430794,0
31.9,74.1,103.2,105,94,23.795357,86.430206,1
32.3,64.2,110.7,98,94,23.79628,86.430206,1
30.5,52.3,41.2,87,98,23.795133,86.430484,0
24.6,60.4,19.9,81,98,23.795297,86.430057,0
26.7,58.1,11.8,61,96,23.79501,86.430152,0
28.0,43.4,22.0,67,98,23.795023,86.430522,0
28.8,53.9,32.3,74,99,23.794986,86.429468,0
28.9,52.7,26.2,77,98,23.796516,86.430007,0
23.5,53.2,19.3,65,99,23.795013,86.430155,0
32.1,58.6,68.2,108,94,23.795484,86.430272,1
20.5,42.7,25.3,68,97,23.794976,86.430553,0
32.3,58.4,64.2,104,94,23.796626,86.430278,1
18.2,49.4,15.2,82,98,23.795917,86.429961,0
28.6,57.3,29.8,70,98,23.796463,86.429562,0
24.1,52.1,17.6,88,98,23.796266,86.429855,0
23.8,52.8,30.9,82,98,23.795571,86.431082,0
50.9,89.4,983.7,165,71,23.796192,86.431143,3
34.4,64.4,75.3,97,93,23.795832,86.430858,1
32.3,70.0,127.1,95,94,23.795884,86.429426,1
23.0,40.5,40.2,82,98,23.796484,86.430857,0
34.2,69.0,70.2,106,94,23.795346,86.429475,1
31.0,69.0,116.5,104,93,23.794764,86.431048,1
27.4,46.6,18.5,60,97,23.796271,86.430457,0
34.9,62.5,70.0,100,94,23.795815,86.430963,1
37.5,84.0,224.7,134,90,23.79493,86.430313,2
31.5,68.7,110.3,94,94,23.795132,86.430488,1
31.3,74.8,124.8,104,94,23.796588,86.429924,1
36.7,81.6,223.6,114,90,23.796497,86.430193,2
34.5,62.8,72.4,101,94,23.795176,86.429913,1
24.4,55.2,14.2,80,99,23.796404,86.43084,0
45.6,92.8,714.3,153,82,23.79532,86.43115,3
23.6,42.3,35.4,73,99,23.795497,86.430275,0
28.1,50.4,34.2,79,99,23.794811,86.430355,0
33.7,67.0,65.6,94,94,23.795483,86.430721,1
46.5,104.8,844.6,170,72,23.795425,86.431007,3
37.2,78.6,299.6,121,91,23.795723,86.429651,2
41.5,82.2,374.3,139,91,23.795661,86.430665,2
28.0,46.5,17.7,77,96,23.79506,86.430329,0
45.6,90.0,473.7,141,85,23.795995,86.431198,3
28.8,65.7,54.2,90,94,23.795547,86.430364,1
37.9,86.9,234.1,111,88,23.796036,86.430412,2
24.8,50.9,10.5,81,97,23.794992,86.43129,0
27.2,45.4,40.4,67,98,23.79619,86.431176,0
31.0,60.3,65.6,95,94,23.795313,86.430884,1
24.0,58.4,45.8,71,97,23.796028,86.431205,0
32.5,62.2,67.2,106,94,23.795143,86.43134,1
49.4,93.5,626.4,148,72,23.795452,86.429855,3
28.6,43.3,22.8,60,97,23.79514,86.430231,0
32.9,71.3,65.4,103,94,23.796064,86.429597,1
32.7,69.8,78.9,94,94,23.79668,86.431075,1
31.8,72.1,99.2,98,94,23.795127,86.429841,1
25.4,39.8,44.3,73,99,23.794969,86.430994,0
21.9,49.3,34.9,74,99,23.795335,86.429582,0
35.0,73.3,88.0,92,93,23.794838,86.430471,1
30.1,59.0,34.3,73,99,23.79622,86.429467,0
30.0,74.8,64.9,103,93,23.795443,86.429628,1
27.5,50.8,38.8,62,97,23.795892,86.430104,0
42.8,91.9,815.1,175,85,23.795508,86.43104,3
30.1,68.2,116.4,107,93,23.796364,86.429996,1
31.3,64.6,132.8,108,94,23.795938,86.429767,1
40.3,83.5,322.3,130,89,23.7956,86.430182,2
38.5,87.1,188.9,125,88,23.795507,86.430897,2
27.6,60.6,42.5,60,97,23.794991,86.430245,0
36.6,91.8,397.4,119,91,23.795888,86.429719,2
35.5,69.0,116.5,98,94,23.795671,86.43044,1
36.4,86.8,286.0,114,90,23.794709,86.43067,2
31.5,68.7,86.5,91,93,23.794765,86.431171,1
35.5,62.3,55.0,94,93,23.795367,86.429797,1
20.2,57.9,28.0,80,97,23.7961,86.42975,0
21.5,57.1,49.9,65,99,23.796493,86.43102,0
41.8,89.3,336.0,116,91,23.796167,86.430816,2
41.7,85.1,365.2,130,88,23.794796,86.430816,2
32.4,63.1,56.7,102,93,23.795478,86.429977,1
24.0,51.7,37.4,63,97,23.79545,86.430104,0
32.4,63.6,118.8,96,94,23.795094,86.431242,1
41.8,87.1,371.1,131,90,23.794793,86.430168,2
32.1,73.0,70.9,106,94,23.794989,86.430263,1
23.5,43.3,27.2,83,97,23.796159,86.430399,0
28.2,39.4,41.9,74,99,23.794886,86.43047,0
26.4,50.8,34.4,65,96,23.796043,86.431119,0
38.3,84.0,200.0,129,90,23.79626,86.430399,2
30.0,53.4,14.1,89,97,23.796049,86.430265,0
28.8,52.0,45.2,87,97,23.795228,86.430839,0
36.6,80.9,242.1,114,88,23.79548,86.430933,2
30.8,52.0,46.2,84,97,23.796452,86.429477,0
28.0,41.7,46.7,82,97,23.796072,86.430456,0
52.1,95.0,401.4,179,70,23.796314,86.42985,3
38.0,82.8,375.9,124,89,23.795444,86.430992,2
26.3,58.4,39.2,63,98,23.795997,86.430859,0
35.6,85.2,187.9,113,91,23.795712,86.430739,2
28.4,54.8,39.0,83,99,23.795334,86.429603,0
34.8,73.8,105.8,103,93,23.79591,86.430553,1
49.0,95.0,913.1,159,82,23.795892,86.43116,3
28.3,56.7,21.8,61,99,23.795905,86.429623,0
28.5,64.7,122.3,103,93,23.794792,86.430714,1
37.5,81.9,338.7,132,91,23.796264,86.431376,2
39.8,84.3,181.4,112,89,23.795503,86.430234,2
30.0,64.4,98.4,96,94,23.796017,86.431025,1
25.9,46.1,42.7,80,96,23.795207,86.431058,0
48.5,95.8,599.7,155,78,23.796614,86.42985,3
26.5,49.9,15.8,68,97,23.796398,86.430729,0
27.6,39.6,33.1,77,98,23.795269,86.429598,0
27.2,60.1,14.3,83,96,23.795704,86.429975,0
37.8,87.7,153.8,135,89,23.795451,86.430451,2
24.3,50.7,15.2,77,97,23.796378,86.429875,0
30.3,76.8,122.4,90,94,23.795551,86.430304,1
32.8,76.8,75.7,103,93,23.795648,86.431221,1
33.0,65.1,63.2,93,94,23.796344,86.430666,1
33.8,74.4,119.4,107,93,23.79604,86.430245,1
23.4,56.5,45.0,81,96,23.794891,86.430983,0
37.8,80.8,319.3,113,89,23.795811,86.430636,2
22.7,51.2,41.6,63,96,23.795724,86.430893,0
24.4,48.7,37.8,83,96,23.795467,86.431023,0
49.0,91.8,457.2,166,79,23.796047,86.4312,3
24.0,57.0,16.3,74,96,23.796592,86.430314,0
27.6,54.3,20.0,71,98,23.795058,86.429402,0
37.5,83.1,296.1,116,90,23.796573,86.431397,2
42.9,85.6,290.0,130,89,23.79537,86.429733,2
39.7,83.8,269.9,126,91,23.795158,86.42965,2
33.9,74.6,60.7,96,93,23.795384,86.430457,1
31.4,67.3,113.9,106,94,23.796109,86.430141,1
40.7,80.4,172.6,117,89,23.796692,86.430131,2
40.4,96.1,416.7,167,76,23.796255,86.430427,3
20.8,45.0,18.7,86,99,23.796361,86.429558,0
35.0,75.0,245.8,110,91,23.795929,86.431214,2
28.6,49.9,28.2,72,96,23.795216,86.430259,0
30.0,44.3,47.3,72,99,23.795029,86.429584,0
29.3,49.8,36.3,64,98,23.795164,86.430289,0
31.9,60.3,95.9,105,94,23.796394,86.430109,1
25.2,56.3,33.0,68,98,23.795353,86.430645,0
27.0,43.9,24.9,61,97,23.795087,86.429675,0
32.2,75.3,74.1,108,93,23.796343,86.43072,1
32.4,64.4,123.3,106,94,23.796343,86.430436,1
32.0,74.0,116.4,91,93,23.795028,86.430131,1
54.8,93.0,858.7,144,86,23.795366,86.430759,3
27.2,46.7,47.8,84,99,23.796419,86.431028,0
29.3,70.1,76.5,92,93,23.795806,86.429682,1
48.6,94.4,552.1,175,79,23.795519,86.429992,3
44.9,95.5,406.8,153,83,23.794735,86.429826,3
21.3,51.3,33.6,68,99,23.795646,86.431112,0
27.9,47.4,45.7,63,99,23.794773,86.430554,0
22.7,54.7,27.6,74,96,23.794804,86.431045,0
26.2,61.3,26.0,66,98,23.79506,86.430137,0
51.0,93.7,410.5,161,84,23.79665,86.429461,3
28.3,59.8,47.5,72,99,23.795953,86.430792,0
51.2,92.1,960.0,170,85,23.796698,86.430664,3
32.8,71.7,149.4,109,94,23.796319,86.429546,1
34.4,72.2,52.0,90,94,23.796548,86.430366,1
51.3,98.5,839.0,146,70,23.794946,86.43005,3
37.2,76.2,170.3,132,88,23.796308,86.430684,2
23.8,49.2,26.9,71,98,23.796384,86.429616,0
33.5,68.5,70.1,91,93,23.79654,86.430256,1
23.6,50.5,16.5,67,98,23.795247,86.429791,0
30.8,61.2,56.3,104,93,23.795736,86.42982,1
40.5,74.6,351.6,112,91,23.795096,86.430419,2
23.9,52.0,31.5,74,97,23.796593,86.429612,0
34.2,71.2,61.2,98,93,23.794875,86.431199,1
37.7,81.1,367.3,127,89,23.796009,86.431229,2
32.0,69.9,75.6,104,94,23.795233,86.430894,1
38.3,81.3,305.1,129,89,23.79571,86.429893,2
22.9,59.6,24.7,81,96,23.796511,86.430441,0
30.3,49.3,20.5,70,98,23.79664,86.430294,0
25.9,57.5,24.7,72,98,23.795389,86.430306,0
21.1,40.0,27.5,62,97,23.79612,86.430582,0
19.8,49.6,37.7,88,99,23.79476,86.429996,0
27.5,46.1,42.8,79,98,23.796535,86.430361,0
33.0,68.7,62.1,99,93,23.795529,86.430974,1
20.2,46.4,43.7,85,98,23.795557,86.431317,0
24.5,43.7,34.0,88,99,23.796092,86.429867,0
26.5,39.5,37.3,61,97,23.794755,86.431134,0
35.2,73.6,58.6,90,93,23.796253,86.430678,1
30.8,64.8,139.3,94,93,23.795441,86.431044,1
23.8,51.0,18.1,65,96,23.794813,86.430856,0
42.8,99.3,885.8,159,80,23.796004,86.429759,3
23.8,41.3,10.6,79,97,23.796121,86.43022,0
31.0,67.8,114.2,94,94,23.795605,86.430022,1
28.2,54.4,16.5,88,97,23.794981,86.430349,0
38.8,82.9,204.8,130,88,23.794989,86.430842,2
21.0,54.5,33.7,75,96,23.796339,86.431039,0
23.0,51.7,32.4,87,96,23.796154,86.430556,0
21.1,45.5,23.3,63,99,23.795178,86.430973,0
42.5,88.7,261.0,125,89,23.795972,86.430519,2
23.2,44.8,32.8,88,98,23.79522,86.431238,0
36.6,85.4,199.6,129,88,23.796582,86.431343,2
27.4,46.4,36.9,64,99,23.796693,86.431152,0
28.3,53.7,24.7,69,96,23.795132,86.429939,0
32.8,67.9,105.1,108,94,23.795048,86.430372,1
29.8,66.2,66.1,91,93,23.796322,86.431397,1
45.5,97.3,527.9,157,70,23.796397,86.429844,3
46.4,91.5,963.3,140,79,23.795793,86.429788,3
21.5,48.1,20.0,69,97,23.796208,86.429603,0
50.9,94.1,717.1,162,74,23.796577,86.429512,3
54.1,97.7,732.5,167,82,23.795278,86.430496,3
34.4,63.6,105.6,107,93,23.795211,86.430986,1
32.2,63.9,75.5,95,93,23.796124,86.430128,1
26.6,46.9,30.3,81,98,23.795588,86.429688,0
25.4,54.1,26.4,87,97,23.796488,86.431225,0
36.2,79.3,280.0,132,89,23.796687,86.430112,2
32.8,70.6,125.2,95,93,23.794994,86.430248,1
35.0,64.1,79.6,104,94,23.796216,86.429655,1
37.5,79.8,328.0,128,90,23.796123,86.429476,2
23.3,50.5,47.7,81,97,23.795355,86.430698,0
30.9,66.0,120.6,103,94,23.796228,86.430528,1
32.8,73.5,60.9,98,93,23.795268,86.431238,1
26.3,47.5,36.5,67,97,23.796148,86.429714,0
35.8,84.2,215.6,122,89,23.795343,86.430456,2
28.6,43.0,34.7,78,98,23.796317,86.430757,0
44.3,96.6,841.9,166,83,23.796579,86.430089,3
33.3,72.2,147.6,93,93,23.795506,86.429889,1
36.1,87.7,361.1,116,89,23.796548,86.430218,2
32.1,61.4,93.1,99,94,23.795724,86.430527,1
24.1,40.3,37.4,79,98,23.796538,86.430671,0
29.5,52.4,11.6,85,99,23.795108,86.429953,0
39.1,86.3,227.8,125,90,23.796106,86.430278,2
35.1,71.0,110.6,105,93,23.795699,86.430002,1
28.2,50.4,18.9,89,99,23.796345,86.429842,0
49.0,98.0,627.4,161,76,23.79565,86.430302,3
42.0,84.4,284.3,129,91,23.795694,86.430939,2
30.8,64.5,62.7,92,94,23.794965,86.429667,1
22.4,49.9,46.4,61,96,23.795301,86.431154,0
35.3,64.2,138.7,101,94,23.795247,86.430379,1
29.3,63.9,90.9,95,93,23.795825,86.430983,1
24.9,49.2,36.2,71,99,23.795356,86.431235,0
20.5,47.0,48.1,69,98,23.795349,86.430298,0
37.1,75.6,157.3,138,89,23.795168,86.430679,2
41.0,78.1,214.1,111,90,23.79665,86.429993,2
36.0,85.3,356.9,126,90,23.795322,86.431072,2
40.0,78.7,178.9,132,88,23.795467,86.429922,2
32.2,69.9,132.0,104,93,23.795365,86.429715,1
28.1,48.5,42.4,89,97,23.795784,86.42978,0
20.2,40.4,32.5,72,99,23.795352,86.431214,0
32.0,70.4,123.9,97,94,23.794926,86.431028,1
34.6,73.5,53.7,92,94,23.796047,86.429551,1
42.6,93.7,623.6,168,72,23.796616,86.42987,3
34.7,73.0,149.4,92,93,23.796058,86.431278,1
24.1,53.2,26.5,70,99,23.796049,86.430334,0
36.9,57.2,142.9,95,94,23.795369,86.429472,1
23.3,48.5,29.9,67,98,23.794969,86.429626,0
21.9,45.3,35.0,84,98,23.795923,86.430313,0
25.3,45.2,43.2,67,98,23.796377,86.429953,0
33.3,88.2,312.2,120,88,23.795532,86.431186,2
22.6,50.9,43.7,61,96,23.795513,86.429884,0
22.9,47.4,37.0,72,96,23.796359,86.42944,0
52.9,93.5,663.2,144,72,23.795638,86.42954,3
33.6,67.0,63.9,97,93,23.795551,86.431392,1
29.9,66.2,112.6,107,93,23.795276,86.431096,1
31.7,76.0,133.8,90,94,23.796696,86.430341,1
31.2,64.0,74.6,99,93,23.795242,86.429669,1
32.7,74.7,115.5,100,94,23.795514,86.430002,1
23.3,41.8,46.6,70,96,23.795811,86.431256,0
31.1,67.6,86.3,97,93,23.794719,86.430395,1
24.2,39.1,26.0,81,98,23.796482,86.429806,0
31.2,69.4,106.0,97,93,23.794713,86.430093,1
38.1,84.7,185.4,113,89,23.795692,86.430866,2
41.4,91.3,831.0,149,79,23.795113,86.430179,3
30.6,53.2,13.7,75,99,23.795448,86.430194,0
31.6,67.9,112.4,102,93,23.795031,86.43093,1
42.5,95.6,663.2,172,70,23.796451,86.429967,3
30.9,62.1,125.8,99,93,23.796001,86.430582,1
41.1,78.4,172.9,136,91,23.795909,86.430868,2
25.8,39.7,46.2,67,98,23.795932,86.430515,0
35.8,75.6,294.7,121,89,23.795775,86.429525,2
30.8,65.1,108.8,96,94,23.795244,86.430061,1
24.6,37.3,10.7,85,99,23.795704,86.43058,0
33.8,69.3,136.1,92,93,23.795605,86.431222,1
31.8,66.5,109.3,98,94,23.795473,86.431209,1
31.0,72.8,90.8,108,94,23.795806,86.429853,1
42.2,97.9,917.3,171,73,23.796684,86.430065,3
24.5,42.9,32.2,76,97,23.794732,86.429578,0
27.4,49.7,27.6,75,99,23.794945,86.429667,0
30.1,55.2,46.0,63,99,23.795695,86.430882,0
46.9,92.9,956.6,147,86,23.796256,86.429533,3
28.3,46.3,40.7,88,98,23.79566,86.430483,0
23.5,42.0,10.4,85,98,23.795704,86.431303,0
50.0,96.4,749.3,165,79,23.796364,86.429848,3
38.2,77.1,358.4,122,90,23.796359,86.430609,2
31.5,64.9,89.6,96,93,23.796123,86.42976,1
30.7,44.6,32.2,64,98,23.79614,86.430709,0
32.4,64.5,52.3,90,93,23.795047,86.431122,1
33.6,65.6,108.4,105,94,23.795938,86.43122,1
33.1,75.8,56.4,93,93,23.794788,86.430895,1
32.8,66.6,120.2,100,94,23.794801,86.430919,1
31.6,66.8,68.9,93,94,23.795143,86.429844,1
40.0,87.5,257.4,124,88,23.795332,86.429993,2
33.7,71.5,109.1,93,94,23.795666,86.430657,1
20.1,44.9,18.2,75,97,23.795002,86.429881,0
20.9,45.3,18.8,86,97,23.79666,86.430869,0
23.9,42.1,38.5,87,98,23.795949,86.429557,0
32.4,71.1,108.1,109,94,23.79518,86.430424,1
38.8,90.1,359.5,110,89,23.796299,86.42973,2
35.8,85.1,186.2,121,91,23.796653,86.431315,2
39.9,80.3,330.1,127,88,23.795911,86.430475,2
49.2,97.5,440.3,179,81,23.794918,86.430035,3
39.0,83.5,226.7,111,91,23.796306,86.429828,2
32.5,62.4,57.5,100,94,23.796468,86.431245,1
45.8,93.9,876.4,176,71,23.796275,86.430573,3
35.2,71.7,87.9,103,93,23.795593,86.430093,1
25.1,37.9,41.6,71,96,23.796454,86.431279,0
21.1,52.9,21.3,72,99,23.796121,86.430274,0
28.7,49.7,26.4,75,96,23.795708,86.429523,0
25.8,41.2,42.7,65,98,23.796128,86.429557,0
41.6,88.6,281.4,127,89,23.794801,86.430198,2
30.0,65.4,119.7,102,93,23.794817,86.430518,1
32.9,61.7,145.0,91,94,23.795835,86.431361,1
31.4,59.5,24.5,82,97,23.79587,86.431058,0
50.8,95.3,965.5,155,77,23.79643,86.429865,3
35.2,83.0,151.4,121,88,23.795813,86.431057,2
39.0,86.1,302.7,135,90,23.795108,86.431188,2
30.9,58.3,42.9,74,96,23.795415,86.431258,0
28.2,47.1,12.0,82,98,23.796424,86.430101,0
39.6,80.2,158.9,134,89,23.795273,86.430282,2
32.5,65.9,78.3,94,93,23.796248,86.430108,1
29.9,64.6,106.4,97,94,23.795282,86.429517,1
49.6,100.6,802.7,172,83,23.796365,86.429752,3
27.0,52.8,15.9,64,99,23.796539,86.431074,0
54.2,99.2,832.4,173,82,23.796646,86.430531,3
35.4,76.4,60.0,105,93,23.795888,86.431367,1
30.6,63.3,69.7,93,93,23.796059,86.429801,1
25.6,51.1,38.4,82,98,23.79639,86.430655,0
35.1,76.9,175.4,135,90,23.796597,86.430802,2
20.1,46.8,17.3,73,98,23.796457,86.430664,0
31.1,60.9,67.0,102,94,23.794983,86.430875,1
29.4,70.3,105.8,98,93,23.796308,86.430698,1
26.3,54.6,28.6,73,96,23.794917,86.430018,0
19.3,55.0,36.9,63,99,23.795662,86.430774,0
33.0,68.8,80.6,98,94,23.795363,86.429677,1
28.1,46.6,24.4,86,98,23.796564,86.43037,0
21.9,56.9,30.8,85,97,23.795809,86.430545,0
19.5,44.4,40.0,71,96,23.79488,86.429966,0
24.9,54.3,43.4,61,99,23.794854,86.429559,0
49.6,89.5,738.9,151,84,23.796599,86.430112,3
53.0,97.0,870.4,143,71,23.795944,86.430643,3
32.3,67.0,117.5,95,94,23.795922,86.42988,1
33.1,62.5,142.7,105,93,23.796641,86.430702,1
31.9,71.1,106.9,90,93,23.796349,86.429936,1
31.1,73.5,59.2,96,94,23.796688,86.430517,1
41.3,85.6,205.8,112,88,23.795781,86.42963,2
26.9,46.4,18.3,73,96,23.795576,86.431109,0
20.9,54.6,25.1,75,96,23.79624,86.429823,0
24.0,48.2,40.7,89,96,23.794898,86.43,0
27.2,52.0,46.3,68,98,23.795465,86.429615,0
29.8,70.7,147.8,106,93,23.79659,86.430403,1
49.1,93.9,641.3,177,74,23.79509,86.431328,3
31.9,72.7,52.1,90,94,23.795578,86.431042,1
24.5,47.2,12.4,88,98,23.795745,86.430324,0
23.7,54.1,28.7,88,96,23.794855,86.430463,0
33.7,73.3,115.3,98,93,23.795423,86.430532,1
30.4,52.2,36.7,87,98,23.794882,86.43022,0
37.8,76.3,270.5,134,91,23.795515,86.429612,2
31.1,41.6,39.6,73,99,23.796615,86.429732,0
31.3,73.4,138.8,91,93,23.795084,86.431371,1
48.6,91.5,709.2,159,74,23.795773,86.430803,3
20.6,52.7,23.8,66,98,23.795025,86.430264,0
29.1,54.8,28.1,61,98,23.79515,86.429536,0
41.2,79.7,182.0,112,88,23.795104,86.430908,2
22.8,42.6,12.2,69,99,23.795907,86.430727,0
23.0,56.3,18.4,80,98,23.794991,86.431234,0
33.8,70.9,127.7,106,93,23.795159,86.430234,1
41.3,79.8,159.2,130,90,23.795762,86.430311,2
41.3,80.1,222.6,112,89,23.795695,86.431367,2
48.0,100.6,522.6,140,77,23.795423,86.430325,3
22.3,41.7,15.0,70,99,23.795746,86.429963,0
31.2,66.9,79.7,101,93,23.796197,86.430331,1
34.5,69.5,128.3,108,94,23.795528,86.430288,1
34.5,86.5,240.4,123,89,23.796533,86.430118,2
31.8,68.4,145.7,92,94,23.795118,86.431359,1
37.4,73.5,396.8,139,90,23.796296,86.430822,2
47.0,89.6,716.8,170,79,23.796608,86.43075,3
29.0,53.6,22.3,73,97,23.795101,86.429806,0
29.2,52.5,19.0,68,97,23.796576,86.4311,0
31.6,67.0,107.2,92,94,23.795876,86.430896,1
20.4,48.5,32.4,84,98,23.796534,86.430191,0
30.9,76.7,60.0,108,93,23.796442,86.429492,1
24.0,46.0,21.1,85,98,23.795641,86.431032,0
38.1,85.8,223.5,137,90,23.794824,86.431155,2
21.1,42.1,15.4,67,99,23.795642,86.43049,0
27.9,56.3,44.3,88,96,23.7949,86.43103,0
31.7,68.4,93.7,109,94,23.795456,86.430154,1
33.9,79.8,396.9,127,89,23.796123,86.430617,2
24.8,46.2,31.0,70,98,23.796638,86.430783,0
21.3,49.3,41.1,68,98,23.795498,86.430939,0
28.1,46.6,17.1,70,97,23.796255,86.43135,0
43.0,96.4,985.3,163,83,23.79508,86.430125,3
20.5,47.2,42.0,61,96,23.795005,86.431016,0
41.2,85.5,234.8,126,89,23.79633,86.431253,2
37.8,87.8,223.8,119,88,23.795905,86.430136,2
34.2,68.4,73.6,107,94,23.796296,86.430585,1
19.7,56.0,31.8,69,96,23.79589,86.42942,0
33.0,71.5,75.1,91,94,23.79597,86.429755,1
46.3,85.8,874.1,152,85,23.7964,86.430584,3
22.6,56.2,41.6,83,98,23.795765,86.430651,0
32.1,71.0,72.3,93,93,23.795721,86.430198,1
19.7,47.3,39.4,65,98,23.795529,86.431101,0
21.0,48.2,28.0,65,99,23.795691,86.43105,0
52.4,98.6,574.9,162,71,23.795123,86.431317,3
31.3,60.8,50.1,106,93,23.795957,86.431087,1
20.0,45.1,39.8,64,97,23.795568,86.430439,0
43.6,95.5,572.4,159,82,23.795339,86.429962,3
24.0,47.3,42.1,82,98,23.79481,86.430379,0
34.9,79.7,293.0,127,90,23.795803,86.430834,2
30.3,48.7,13.0,82,96,23.79538,86.431143,0
32.4,62.9,81.0,91,94,23.795821,86.430486,1
30.6,62.8,59.9,96,94,23.795836,86.43055,1
39.1,85.2,307.6,138,88,23.795159,86.430939,2
26.8,56.4,33.8,85,97,23.796399,86.430555,0
20.9,52.7,49.1,62,96,23.796616,86.430166,0
25.2,50.8,49.1,86,97,23.796121,86.429702,0
29.9,72.0,102.9,93,94,23.795699,86.430728,1
27.2,45.1,15.3,79,96,23.796631,86.430162,0
28.9,71.0,106.5,107,94,23.79528,86.431364,1
21.2,39.8,11.5,76,99,23.796381,86.431214,0
22.1,40.4,40.3,77,98,23.795282,86.429677,0
32.3,65.5,89.9,97,94,23.794784,86.431269,1
30.8,70.2,91.8,109,94,23.795734,86.429554,1
26.1,55.0,16.1,80,99,23.795053,86.430027,0
23.1,47.1,13.3,72,97,23.794829,86.429784,0
35.2,73.8,97.4,91,94,23.794779,86.42959,1
38.4,91.5,276.1,116,91,23.795463,86.430872,2
32.3,76.5,55.5,94,93,23.795217,86.42945,1
28.0,55.9,26.8,88,97,23.796384,86.430119,0
32.2,61.8,132.9,94,94,23.794757,86.429775,1
20.3,53.4,46.5,87,98,23.796281,86.429832,0
41.2,79.6,387.5,110,89,23.795369,86.430617,2
21.5,45.8,38.1,79,97,23.796109,86.430787,0
55.4,99.3,979.5,150,73,23.795501,86.430723,3
37.6,90.4,258.5,134,90,23.796607,86.430041,2
43.8,94.5,943.4,169,76,23.796501,86.429669,3
37.7,86.9,252.3,130,89,23.795264,86.430207,2
25.2,36.4,38.8,69,99,23.79552,86.43021,0
22.9,40.3,33.6,77,96,23.796566,86.430028,0
21.0,44.4,36.0,68,97,23.795815,86.430308,0
33.3,60.3,50.8,97,93,23.79505,86.430581,1
35.2,67.3,80.0,95,93,23.795213,86.429771,1
40.9,78.6,332.3,124,91,23.795743,86.429633,2
34.9,88.5,150.8,113,89,23.795252,86.431121,2
28.9,47.1,12.0,65,98,23.796533,86.43128,0
21.1,46.9,15.5,70,98,23.796284,86.43072,0
47.2,94.0,436.4,168,77,23.794707,86.429598,3
30.3,63.5,113.2,100,94,23.795227,86.431003,1
33.2,68.2,86.4,102,93,23.795453,86.42981,1
41.7,86.8,362.4,138,88,23.795999,86.431324,2
19.9,55.0,28.5,87,96,23.796444,86.430139,0
43.8,91.7,875.9,175,84,23.795373,86.430447,3
29.9,66.1,57.8,90,94,23.794975,86.430726,1
35.0,81.8,257.7,133,90,23.795995,86.429961,2
24.8,63.0,47.2,77,97,23.795761,86.430994,0
36.7,87.6,171.9,129,90,23.796519,86.43045,2
44.5,90.1,848.6,174,82,23.795054,86.430148,3
34.5,68.7,70.8,101,94,23.796565,86.430632,1
38.3,77.4,297.7,138,90,23.795033,86.430196,2
26.5,53.6,12.9,89,98,23.794885,86.429529,0
35.2,69.2,132.2,102,93,23.795846,86.43062,1
40.7,81.1,188.0,120,90,23.795832,86.429704,2
35.3,79.8,54.5,106,94,23.795002,86.43115,1
32.1,59.4,119.4,109,93,23.795418,86.430152,1
42.9,93.0,832.9,176,74,23.796231,86.431137,3
25.5,46.9,24.7,85,98,23.795009,86.430994,0
31.5,72.2,133.3,90,94,23.79642,86.430707,1
39.0,85.7,168.6,133,88,23.795904,86.430395,2
54.4,94.2,891.6,163,79,23.795658,86.429953,3
24.1,48.5,47.7,78,98,23.796637,86.431396,0
31.0,73.0,90.5,92,93,23.796502,86.430607,1
24.6,58.6,45.1,70,96,23.795576,86.430375,0
39.9,76.3,212.2,137,90,23.796568,86.430413,2
28.2,50.7,48.8,81,97,23.796321,86.430491,0
51.8,98.1,879.8,159,70,23.795137,86.429928,3
24.5,53.9,27.9,87,97,23.796619,86.430267,0
46.5,95.4,963.8,178,83,23.795816,86.430996,3
49.6,97.6,866.7,158,78,23.794742,86.430637,3
41.9,81.1,366.9,128,89,23.796646,86.429646,2
54.9,95.0,725.8,140,83,23.795087,86.429921,3
41.3,77.3,322.2,132,89,23.795512,86.43116,2
34.7,59.8,147.7,98,93,23.796174,86.429834,1
28.2,56.7,16.2,88,98,23.796203,86.431073,0
31.1,71.7,97.4,109,93,23.794832,86.431123,1
35.0,72.3,118.3,105,93,23.796584,86.430976,1
43.0,92.6,205.8,130,91,23.795063,86.431284,2
19.5,49.2,41.2,71,96,23.795046,86.42955,0
32.9,65.2,120.3,104,93,23.794765,86.430618,1
31.5,64.0,79.1,109,93,23.794861,86.42995,1
33.1,75.0,132.5,92,93,23.795596,86.429666,1
53.9,103.9,562.2,152,83,23.79566,86.430206,3
27.9,52.5,13.2,79,99,23.796335,86.430292,0
40.9,86.8,218.7,130,91,23.795008,86.431166,2
51.3,96.3,960.9,144,81,23.79663,86.430484,3
20.8,49.7,32.8,73,98,23.795256,86.430339,0
23.9,56.5,25.6,60,96,23.796277,86.430979,0
32.9,75.3,76.1,97,94,23.795714,86.429579,1
54.0,95.3,510.1,156,77,23.796496,86.431213,3
21.2,47.4,43.9,77,97,23.795524,86.429735,0
31.6,67.1,98.6,95,93,23.79579,86.429614,1
27.1,53.2,28.1,88,96,23.795988,86.429664,0
31.8,66.7,98.0,104,93,23.794776,86.429669,1
27.6,51.6,46.1,88,98,23.796062,86.429718,0
18.7,57.5,11.1,79,97,23.796245,86.43073,0
22.5,48.9,19.7,64,98,23.796513,86.430862,0
46.1,98.3,469.5,151,81,23.796406,86.429502,3
26.0,50.4,36.4,76,97,23.795148,86.430798,0
24.5,55.7,37.0,73,99,23.795363,86.430375,0
21.2,37.7,49.1,66,97,23.79492,86.431153,0
21.5,43.7,30.0,61,98,23.795055,86.429494,0
38.4,77.9,226.2,115,91,23.796647,86.430691,2
35.6,63.8,94.1,93,93,23.794739,86.429557,1
39.3,74.2,194.3,110,90,23.79524,86.42997,2
35.8,85.2,154.9,131,88,23.796002,86.429527,2
33.8,64.0,91.8,102,93,23.796242,86.429665,1
31.7,74.9,110.7,102,94,23.796004,86.429519,1
24.7,40.9,46.2,83,97,23.795047,86.431186,0
23.9,49.3,49.5,82,98,23.795373,86.430809,0
26.8,53.6,48.6,64,98,23.796126,86.43028,0
38.0,87.3,325.9,129,91,23.794759,86.430531,2
28.5,41.9,10.4,71,99,23.794949,86.430426,0
48.6,91.0,732.7,157,78,23.795431,86.430704,3
40.5,83.7,382.1,136,91,23.79517,86.429532,2
31.9,73.8,96.5,96,94,23.796396,86.430762,1
23.8,44.9,30.6,89,96,23.796544,86.429993,0
25.4,47.7,47.0,77,96,23.796535,86.431212,0
33.9,72.5,148.5,92,94,23.794957,86.431322,1
29.7,70.1,127.6,93,94,23.796299,86.431013,1
42.2,88.0,274.3,113,89,23.796586,86.429402,2
37.2,81.7,351.0,127,90,23.796502,86.429914,2
31.0,65.0,133.5,106,93,23.795678,86.430922,1
37.7,84.2,398.2,132,90,23.79496,86.429485,2
29.9,44.7,18.0,81,97,23.795034,86.429818,0
45.9,97.9,573.0,148,81,23.796339,86.430652,3
21.4,42.2,45.4,88,98,23.795516,86.429738,0
33.0,61.0,98.8,96,93,23.795612,86.429882,1
37.3,82.5,205.5,131,90,23.795727,86.43,2
53.4,97.2,693.8,155,82,23.796447,86.430913,3
22.2,58.8,19.0,64,98,23.794775,86.430123,0
33.6,70.8,149.3,92,94,23.796016,86.431317,1
32.0,65.8,94.6,90,94,23.796264,86.430508,1
30.5,44.8,17.5,89,98,23.796251,86.430772,0
55.9,90.7,895.3,155,74,23.796396,86.430149,3
26.1,38.4,41.4,73,98,23.79495,86.430141,0
32.5,62.1,132.8,107,93,23.796096,86.43008,1
34.2,63.2,57.0,102,93,23.795863,86.430669,1
23.1,44.6,36.0,84,98,23.795347,86.430759,0
23.1,52.5,15.2,75,99,23.794914,86.429724,0
35.2,73.0,102.1,90,94,23.794882,86.429786,1
32.9,68.1,129.8,94,94,23.795111,86.4311,1
24.2,54.4,39.8,87,97,23.796176,86.430557,0
43.3,96.3,406.2,173,74,23.79537,86.429741,3
51.9,93.8,941.4,149,84,23.795928,86.431232,3
27.8,52.2,12.4,81,97,23.795443,86.430472,0
29.9,52.8,27.0,67,97,23.796064,86.429965,0
42.1,95.3,882.8,151,71,23.795674,86.429524,3
30.2,59.4,129.1,102,93,23.79557,86.429908,1
23.5,52.6,39.9,88,96,23.795687,86.430513,0
28.5,48.7,37.4,82,99,23.794764,86.429594,0
32.8,61.1,114.2,90,93,23.795544,86.430226,1
35.0,62.9,130.2,97,93,23.795051,86.429858,1
30.6,74.9,129.5,102,93,23.796434,86.43033,1
32.5,72.4,77.1,103,94,23.795878,86.431167,1
28.0,61.1,46.8,81,97,23.79539,86.429688,0
27.1,54.6,16.0,64,99,23.795314,86.430678,0
40.6,80.3,304.9,121,91,23.796348,86.430006,2
23.0,49.8,14.0,86,98,23.796667,86.430994,0
28.9,50.7,32.6,87,98,23.794765,86.429922,0
23.8,50.5,36.6,69,96,23.795633,86.431116,0
27.8,44.3,17.8,69,97,23.794707,86.430001,0
43.8,92.2,477.9,152,78,23.795786,86.429723,3
25.8,50.2,23.1,67,99,23.794958,86.430417,0
31.7,70.4,127.9,94,93,23.79652,86.4296,1
25.5,57.2,12.3,84,98,23.796077,86.430359,0
19.4,48.0,28.6,71,96,23.795504,86.431312,0
26.4,40.0,27.6,72,98,23.795355,86.430479,0
26.4,51.9,12.1,83,98,23.794824,86.430219,0
30.5,75.5,61.3,95,93,23.795568,86.429993,1
49.9,98.3,986.8,171,76,23.795268,86.431311,3
30.7,73.4,111.8,106,94,23.795088,86.43048,1
42.6,92.9,236.3,113,88,23.796288,86.431337,2
35.8,88.4,206.0,136,91,23.795934,86.430369,2
30.0,47.2,21.8,68,96,23.796383,86.430201,0
32.3,70.3,95.1,107,94,23.79645,86.429939,1
40.8,86.6,241.7,120,90,23.795363,86.430178,2
26.9,39.2,15.9,68,98,23.795207,86.429422,0
25.2,55.8,44.7,71,97,23.796059,86.43014,0
36.2,75.7,185.1,128,88,23.796036,86.430505,2
24.9,59.0,46.9,82,98,23.79654,86.431146,0
32.1,66.7,110.4,109,94,23.794871,86.429835,1
29.4,42.3,31.4,74,97,23.795525,86.429667,0
31.3,72.4,58.9,93,94,23.795581,86.429579,1
30.0,65.8,103.6,98,93,23.795771,86.430351,1
30.7,66.4,59.5,107,93,23.796646,86.429995,1
25.2,56.6,31.9,65,99,23.795589,86.43085,0
34.2,69.8,119.3,92,94,23.795496,86.430144,1
23.7,61.2,27.7,73,99,23.794845,86.42989,0
48.6,91.3,787.5,162,86,23.796111,86.430129,3
54.6,90.1,887.1,147,76,23.794981,86.430767,3
33.6,69.3,117.7,109,93,23.796649,86.429822,1
33.5,73.1,55.9,100,94,23.795997,86.431057,1
31.2,66.4,149.7,93,94,23.794995,86.430437,1
40.6,84.1,363.9,125,89,23.795768,86.430203,2
44.2,100.9,432.5,151,82,23.79512,86.42995,3
37.5,90.1,310.4,117,91,23.79631,86.430461,2
30.7,67.8,108.8,98,93,23.796081,86.430271,1
20.6,52.8,26.6,87,98,23.795519,86.429494,0
30.4,51.7,45.2,88,97,23.795407,86.430313,0
50.6,93.2,790.0,142,79,23.79519,86.429482,3
23.5,48.3,16.0,74,97,23.796018,86.429795,0
43.7,96.7,698.1,179,84,23.795603,86.431322,3
33.9,84.7,238.2,111,89,23.795927,86.431087,2
51.1,96.2,539.3,175,79,23.795931,86.429491,3
52.0,96.3,413.3,143,78,23.796511,86.430174,3
32.1,70.1,109.6,95,94,23.795214,86.429808,1
36.4,85.7,299.5,128,91,23.79517,86.429971,2
34.1,89.6,156.8,122,89,23.795649,86.430495,2
41.2,81.0,365.5,137,91,23.796419,86.430018,2
54.5,95.7,901.6,175,86,23.796579,86.430145,3
32.5,67.8,91.2,103,93,23.795585,86.430649,1
37.0,80.3,321.1,126,89,23.796046,86.431288,2
36.1,71.2,92.2,93,93,23.794786,86.430685,1
35.7,73.8,145.3,95,94,23.79646,86.431206,1
33.2,67.8,114.2,96,94,23.795184,86.430737,1
21.4,49.9,40.6,74,98,23.79641,86.430429,0
30.3,66.6,77.0,99,94,23.795845,86.430612,1
23.5,50.0,23.3,85,99,23.795242,86.429638,0
30.1,75.8,138.7,91,93,23.79604,86.430254,1
27.8,57.2,38.6,79,97,23.7947,86.430528,0
45.2,92.8,672.8,167,79,23.795267,86.430804,3
32.5,72.4,75.9,106,93,23.795894,86.431124,1
31.4,64.8,115.1,98,93,23.796066,86.430684,1
30.2,48.0,36.0,79,97,23.795422,86.429616,0
29.5,51.1,22.3,62,99,23.79487,86.429482,0
23.9,57.7,20.6,81,96,23.795362,86.430496,0
39.9,78.7,188.7,139,89,23.795161,86.430091,2
33.4,67.5,107.1,102,93,23.795318,86.430232,1
33.6,62.5,56.5,95,94,23.795578,86.430781,1
25.1,41.2,46.2,62,96,23.795977,86.431083,0
35.0,67.4,131.8,101,93,23.796401,86.429919,1
22.5,56.0,39.5,80,99,23.795664,86.429489,0
34.5,62.8,103.9,90,94,23.795792,86.429821,1
38.4,88.6,351.3,113,89,23.796585,86.42971,2
37.2,80.5,153.6,130,90,23.795188,86.430346,2
35.0,84.5,239.3,139,89,23.794776,86.429735,2
47.2,95.3,778.8,171,77,23.795179,86.430847,3
34.5,65.9,120.1,102,93,23.795927,86.429449,1
30.6,61.1,107.9,94,93,23.794984,86.430083,1
31.4,63.4,113.3,105,93,23.79529,86.430849,1
30.3,66.1,149.3,95,93,23.796486,86.4308,1
22.1,51.3,43.3,67,99,23.796262,86.430229,0
32.1,62.6,51.9,98,93,23.796684,86.429416,1
33.9,75.9,115.1,106,94,23.796285,86.429469,1
31.3,73.4,68.6,108,94,23.796148,86.430957,1
31.7,61.9,133.7,99,93,23.795658,86.431386,1
37.8,86.5,267.3,132,90,23.796109,86.430127,2
24.6,52.3,39.4,84,97,23.796453,86.430234,0
30.6,38.2,18.3,66,98,23.795434,86.429846,0
28.6,49.2,26.3,72,98,23.796661,86.429767,0
25.9,56.1,25.0,60,98,23.795106,86.430051,0
34.2,70.4,96.9,92,93,23.795685,86.430441,1
22.6,39.4,25.0,62,99,23.795424,86.431143,0
29.9,49.4,38.2,66,98,23.79566,86.430668,0
36.1,86.2,395.1,120,88,23.795583,86.4313,2
26.4,46.6,32.9,60,96,23.795772,86.429998,0
48.1,96.1,794.0,145,85,23.795604,86.430747,3
31.6,66.1,99.9,95,94,23.794839,86.430024,1
36.2,82.1,351.4,125,90,23.795814,86.431196,2
32.6,67.4,116.9,90,93,23.795555,86.430574,1
24.9,50.6,17.8,68,96,23.795527,86.431151,0
28.6,59.5,33.3,75,96,23.794768,86.430628,0
24.3,45.7,37.5,73,98,23.796476,86.429591,0
28.6,43.2,19.7,63,99,23.79537,86.430705,0
21.6,47.4,32.8,80,97,23.7951,86.429477,0
35.3,70.3,67.4,94,93,23.795608,86.430283,1
20.8,58.7,42.8,84,98,23.796236,86.430966,0
23.2,49.7,38.3,61,96,23.796509,86.429768,0
35.4,64.3,87.8,93,94,23.796184,86.430767,1
30.8,63.8,56.0,103,93,23.796413,86.43075,1
42.4,92.7,174.5,127,89,23.795506,86.429468,2
28.2,57.5,48.1,67,98,23.795226,86.431091,0
20.0,54.3,16.9,81,97,23.796324,86.429685,0
54.3,97.5,770.1,172,77,23.796448,86.429408,3
33.8,66.0,135.8,101,94,23.796353,86.431004,1
36.2,84.1,331.3,124,91,23.795148,86.430192,2
39.3,77.1,259.5,127,90,23.796571,86.430164,2
36.5,76.6,264.9,118,88,23.796354,86.429934,2
31.6,67.0,139.4,95,93,23.796023,86.43055,1
30.4,70.6,108.4,97,94,23.796216,86.429621,1
23.7,53.2,21.8,77,99,23.796518,86.429836,0
34.4,65.4,138.9,95,94,23.795482,86.430882,1
24.1,51.9,21.4,75,98,23.795963,86.430998,0
29.6,52.7,42.8,84,96,23.796448,86.430834,0
26.7,55.8,47.4,88,97,23.795316,86.43039,0
51.6,95.0,990.9,163,81,23.796036,86.43125,3
38.8,85.6,276.5,120,89,23.796196,86.430333,2
26.1,48.7,11.9,63,98,23.795096,86.431182,0
36.4,89.5,292.9,116,89,23.795877,86.429485,2
32.8,71.1,71.8,108,93,23.795193,86.430195,1
38.9,79.7,190.3,123,89,23.79607,86.429677,2
34.0,63.5,84.6,94,94,23.795334,86.430813,1
20.8,59.2,46.1,60,97,23.796109,86.429442,0
24.9,39.4,23.5,75,96,23.79587,86.430437,0
29.8,65.0,147.2,95,94,23.795412,86.430997,1
42.1,89.4,274.7,126,90,23.79568,86.430725,2
28.1,53.1,14.7,85,96,23.796381,86.431027,0
23.5,56.8,36.9,83,96,23.796461,86.429656,0
22.9,42.7,42.2,87,96,23.795433,86.431027,0
43.5,77.3,253.7,112,89,23.795483,86.430845,2
19.0,44.2,20.7,75,99,23.79624,86.429998,0
40.5,87.8,237.6,126,90,23.795265,86.429468,2
28.7,54.8,34.1,65,96,23.794744,86.430232,0
22.7,53.9,27.3,85,99,23.795551,86.43055,0
54.4,97.4,666.4,141,86,23.795166,86.429925,3
35.3,89.3,332.9,121,90,23.795797,86.429582,2
26.2,49.2,45.1,67,99,23.795904,86.43091,0
27.4,45.4,35.6,63,99,23.794935,86.431331,0
52.5,91.3,670.9,175,77,23.794751,86.431027,3
24.2,51.4,41.6,68,98,23.796178,86.42957,0
36.8,75.5,330.3,118,88,23.794742,86.429499,2
39.7,87.5,302.3,114,88,23.794839,86.430228,2
24.6,53.6,27.8,81,96,23.795864,86.429498,0
23.7,47.1,42.3,75,97,23.794776,86.43023,0
23.3,44.9,44.4,72,97,23.795028,86.43023,0
21.1,56.9,45.9,71,96,23.794858,86.43079,0
34.0,70.7,137.7,90,93,23.795807,86.430489,1
38.5,85.2,383.7,114,90,23.795566,86.431306,2
24.3,57.4,28.3,85,96,23.794927,86.43046,0
41.9,75.4,355.7,126,90,23.796607,86.429743,2
30.0,51.3,33.1,75,99,23.79641,86.430143,0
36.2,74.6,261.9,112,88,23.795107,86.429784,2
33.3,68.0,100.6,96,94,23.79543,86.431349,1
24.2,43.8,14.3,66,99,23.795015,86.430173,0
24.1,45.1,36.9,74,98,23.79577,86.430206,0
26.8,39.1,47.2,70,97,23.794965,86.430495,0
23.8,40.2,24.9,63,98,23.795889,86.430487,0
29.2,41.2,28.0,63,97,23.794746,86.43106,0
36.2,76.0,275.7,139,88,23.794912,86.429618,2
25.0,43.2,12.0,71,98,23.795534,86.430451,0
32.0,69.6,77.2,91,94,23.79629,86.431241,1
30.4,66.0,50.4,100,94,23.796602,86.430838,1
30.7,77.0,100.6,97,93,23.796161,86.429524,1
27.9,54.0,14.1,67,98,23.795289,86.429907,0
21.8,42.0,31.6,77,96,23.795817,86.430953,0
23.3,52.1,45.3,72,99,23.796326,86.43065,0
48.3,88.2,721.3,164,76,23.794718,86.430995,3
41.3,77.2,328.9,124,90,23.796097,86.430086,2
42.5,84.2,216.1,121,90,23.796021,86.430386,2
29.2,51.4,40.6,82,96,23.795063,86.429402,0
35.4,76.2,378.0,114,90,23.79584,86.430442,2
43.4,82.2,280.4,118,90,23.795793,86.430907,2
34.9,79.1,307.6,118,91,23.794905,86.431379,2
34.5,62.5,101.3,93,93,23.795098,86.429977,1
30.8,71.5,93.5,95,94,23.795468,86.430249,1
31.6,76.9,92.8,100,94,23.795558,86.431229,1
31.7,70.9,86.6,109,93,23.795114,86.430598,1
35.1,67.9,91.7,100,93,23.795411,86.429881,1
33.3,70.4,79.4,107,93,23.796636,86.430528,1
35.0,64.9,91.6,99,93,23.795922,86.430486,1
29.2,66.9,98.3,97,94,23.795606,86.431181,1
34.7,72.9,81.2,109,93,23.795378,86.431367,1
22.0,43.8,47.0,80,99,23.796185,86.430515,0
21.2,54.4,11.4,77,96,23.795051,86.430832,0
25.5,48.5,14.3,83,98,23.795985,86.430821,0
34.0,89.3,219.3,112,89,23.795117,86.429998,2
34.5,85.2,349.0,128,89,23.795623,86.429818,2
52.6,93.5,651.4,156,80,23.796446,86.431016,3
33.2,76.7,123.5,107,94,23.794797,86.430211,1
28.5,45.1,38.7,81,98,23.795175,86.430249,0
35.6,61.5,53.5,106,93,23.79556,86.430294,1
24.6,46.6,37.0,87,97,23.794778,86.430933,0
34.0,72.4,79.7,91,93,23.796056,86.430333,1
29.8,44.0,47.2,61,98,23.796099,86.430052,0
21.1,53.3,40.8,73,98,23.795959,86.430638,0
30.4,69.5,88.2,101,94,23.79506,86.429684,1
32.7,72.8,73.4,96,93,23.795049,86.430609,1
21.4,53.4,39.7,66,98,23.794796,86.430806,0
34.6,60.4,130.0,101,93,23.794912,86.431193,1
21.7,56.7,45.0,60,96,23.795173,86.430075,0
28.8,53.1,40.9,88,98,23.796105,86.430683,0
19.7,57.2,42.7,74,97,23.796301,86.429471,0
28.7,49.0,24.5,76,97,23.796488,86.429854,0
48.8,95.6,796.0,169,79,23.795249,86.431015,3
27.1,60.8,45.6,73,98,23.796218,86.429882,0
32.0,63.8,124.1,107,93,23.79666,86.430058,1
21.7,43.7,16.3,71,98,23.796659,86.429923,0
36.0,83.0,398.1,137,91,23.795696,86.430529,2
23.2,54.7,20.7,65,96,23.795719,86.431301,0
30.9,60.4,59.5,92,94,23.794886,86.429613,1
29.6,62.8,143.3,108,94,23.794853,86.431397,1
28.3,41.0,37.0,77,97,23.79564,86.43133,0
27.7,50.3,28.5,77,98,23.795372,86.429564,0
21.8,56.4,21.9,74,97,23.795379,86.429888,0
43.2,92.1,787.7,161,70,23.796067,86.429924,3
39.3,81.5,343.6,125,88,23.795736,86.430428,2
33.8,74.0,60.9,108,94,23.796091,86.430678,1
34.1,62.3,89.4,96,93,23.7953,86.429781,1
28.9,57.2,11.6,77,96,23.795831,86.431172,0
25.0,55.1,48.9,69,99,23.795214,86.431393,0
33.6,73.7,107.8,107,94,23.796244,86.429419,1
29.0,47.2,20.6,71,96,23.79485,86.430078,0
27.2,56.5,28.5,83,98,23.796191,86.430248,0
35.1,65.9,50.2,103,94,23.795139,86.430649,1
26.0,37.0,40.5,78,97,23.795751,86.430474,0
40.8,85.9,226.9,121,90,23.796503,86.430934,2
30.8,74.4,111.1,101,93,23.79478,86.430175,1
38.6,79.6,255.7,114,89,23.795811,86.43052,2
32.4,65.9,84.3,96,94,23.794757,86.429414,1
31.4,59.7,116.2,101,94,23.795455,86.431185,1
29.6,44.4,23.0,73,97,23.794891,86.429642,0
24.5,39.3,12.6,61,97,23.796619,86.430865,0
34.4,66.2,130.7,104,93,23.795553,86.430508,1
29.9,44.6,42.9,69,98,23.795638,86.430486,0
24.9,43.4,12.6,89,99,23.795973,86.429663,0
24.6,53.1,43.0,77,96,23.795344,86.430192,0
45.4,93.1,951.7,150,70,23.79537,86.43037,3
33.7,68.8,141.7,101,93,23.794862,86.429882,1
26.3,61.1,37.7,81,96,23.795671,86.430342,0
32.9,61.6,148.3,96,94,23.796304,86.429938,1
20.8,44.4,24.5,81,98,23.796306,86.429991,0
38.2,81.6,212.8,110,89,23.795587,86.430059,2
28.3,51.3,21.6,68,97,23.795789,86.430119,0
42.2,81.2,396.1,115,90,23.79505,86.430504,2
39.1,75.9,306.9,117,89,23.794747,86.43032,2
22.2,56.5,48.3,72,99,23.795853,86.429569,0
32.9,72.2,139.7,106,93,23.796455,86.431148,1
29.2,69.1,126.6,93,93,23.796111,86.429679,1
28.4,46.4,34.9,74,97,23.795076,86.43134,0
54.8,91.8,754.0,172,70,23.796321,86.430762,3
23.2,42.5,16.9,86,99,23.795292,86.431134,0
34.9,73.0,145.9,102,94,23.796441,86.43016,1
24.8,47.5,13.5,81,99,23.795657,86.43022,0
35.6,85.7,375.9,110,89,23.796616,86.430037,2
35.2,71.6,56.9,96,94,23.795931,86.43018,1
37.3,72.3,182.4,124,89,23.795022,86.430802,2
40.1,72.7,224.3,113,88,23.796516,86.430672,2
38.1,87.5,296.7,126,89,23.795116,86.430094,2
39.0,81.2,397.9,113,89,23.795404,86.429986,2
37.7,80.0,181.0,137,89,23.795608,86.430622,2
46.5,90.0,618.3,167,83,23.79605,86.431013,3
25.8,53.3,37.3,72,98,23.795261,86.429771,0
19.6,56.4,23.3,86,97,23.795542,86.429476,0
26.0,53.9,26.5,81,99,23.795343,86.431197,0
39.2,89.2,397.8,110,90,23.79482,86.431104,2
22.8,60.1,31.7,82,98,23.794847,86.429634,0
25.6,43.3,25.7,87,96,23.795265,86.431365,0
31.8,73.9,131.4,104,94,23.796111,86.429753,1
30.7,60.3,99.2,108,93,23.795807,86.430362,1
40.7,85.2,316.0,134,89,23.79493,86.430951,2
23.5,55.0,48.6,83,98,23.795049,86.43134,0
36.4,86.5,318.2,127,89,23.796117,86.42989,2
49.1,97.1,557.9,176,70,23.796246,86.430865,3
34.5,62.3,79.8,107,93,23.795799,86.430593,1
39.2,73.8,157.7,121,91,23.796109,86.430455,2
54.8,93.8,559.8,168,82,23.794818,86.429702,3
41.7,73.7,175.7,130,89,23.79626,86.431396,2
52.7,97.0,895.0,146,72,23.795208,86.429432,3
42.1,84.2,293.6,121,89,23.795168,86.430888,2
36.5,89.3,267.4,129,89,23.795445,86.429446,2
29.8,48.6,10.3,68,99,23.794745,86.431201,0
35.4,85.0,393.8,139,89,23.795744,86.430837,2
33.4,73.4,70.8,106,94,23.795201,86.429816,1
49.0,98.9,501.5,152,81,23.795372,86.429636,3
32.1,63.2,104.5,109,94,23.794982,86.430797,1
23.8,46.4,30.4,63,96,23.795619,86.430242,0
22.0,46.7,35.1,61,97,23.795391,86.430254,0
33.5,72.9,146.8,108,94,23.795205,86.430002,1
32.6,70.1,99.6,103,94,23.795216,86.430543,1
29.5,73.5,99.8,103,94,23.794865,86.431212,1
30.8,68.8,102.4,90,93,23.795509,86.43127,1
39.8,78.3,352.4,115,89,23.79532,86.429895,2
52.6,102.0,823.3,142,78,23.796458,86.430314,3
30.7,53.7,17.9,82,96,23.795231,86.43107,0
24.7,44.5,18.7,84,98,23.795916,86.430767,0
23.4,46.2,40.7,89,98,23.795121,86.430625,0
29.7,42.3,24.3,69,97,23.796156,86.430986,0
32.4,63.1,57.1,96,94,23.795369,86.429667,1
53.4,93.9,739.9,145,77,23.795558,86.430428,3
34.0,57.9,138.4,106,93,23.794954,86.430847,1
30.5,60.0,145.7,90,94,23.796009,86.430749,1
21.7,52.7,22.1,87,96,23.795629,86.430329,0
51.8,93.4,448.8,140,76,23.795443,86.429517,3
30.5,74.0,135.5,102,94,23.795481,86.430583,1
44.3,98.9,501.7,159,71,23.795248,86.429936,3
29.7,69.9,92.6,95,94,23.795007,86.429737,1
30.0,63.4,99.4,105,93,23.796287,86.431093,1
37.8,81.8,397.3,110,89,23.796361,86.42947,2
35.8,82.3,198.1,134,90,23.7952,86.431213,2
31.4,71.1,102.6,90,93,23.795829,86.430352,1
40.1,77.7,241.7,130,91,23.796371,86.43137,2
37.5,82.2,261.3,128,89,23.796055,86.430526,2
33.0,61.8,147.8,96,93,23.795251,86.430262,1
25.9,47.7,16.5,64,96,23.796601,86.429624,0
19.7,45.2,37.9,83,96,23.794871,86.430447,0
29.5,51.3,45.0,80,96,23.795339,86.43051,0
31.6,62.2,138.3,106,93,23.794751,86.430035,1
22.6,41.9,46.6,89,97,23.7961,86.430922,0
20.8,48.5,12.4,60,96,23.796298,86.429788,0
32.2,60.0,104.8,90,93,23.794735,86.430119,1
35.7,90.3,219.5,118,89,23.796226,86.43114,2
37.1,86.3,366.4,119,89,23.795318,86.431195,2
23.2,57.2,37.5,79,99,23.796151,86.43043,0
38.6,80.3,303.6,113,91,23.794844,86.429506,2
26.0,54.4,19.8,63,99,23.794813,86.429593,0
24.3,61.3,12.6,80,98,23.795371,86.431378,0
29.7,57.7,122.2,106,94,23.796662,86.429597,1
32.8,65.8,100.6,95,94,23.795633,86.429853,1
35.5,80.7,314.8,136,91,23.795758,86.429425,2
35.9,76.9,307.5,126,89,23.795061,86.431162,2
32.1,74.5,117.1,106,93,23.796503,86.429964,1
32.0,64.7,146.9,100,93,23.795099,86.430527,1
28.4,49.3,31.8,79,99,23.794925,86.431051,0
31.2,70.1,122.9,94,94,23.795165,86.431018,1
42.5,80.1,214.5,132,90,23.795635,86.430443,2
25.4,49.3,13.2,85,96,23.796181,86.430423,0
39.9,90.8,285.8,110,89,23.795433,86.429532,2
21.2,43.7,17.1,79,96,23.795077,86.429473,0
30.7,63.5,65.0,98,94,23.796,86.431096,1
33.0,69.1,85.4,95,94,23.795694,86.431166,1
30.7,66.8,51.5,106,93,23.795907,86.430532,1
23.0,53.8,20.8,82,98,23.795469,86.43111,0
27.7,48.8,16.9,88,99,23.796467,86.43033,0
36.5,79.6,184.4,119,91,23.796056,86.430533,2
43.1,82.5,183.0,116,89,23.795865,86.430882,2
33.4,76.7,61.0,98,94,23.796257,86.431144,1
29.9,67.8,98.5,93,93,23.79532,86.431009,1
26.0,41.8,41.7,65,99,23.796679,86.429766,0
28.9,56.4,12.7,70,98,23.795807,86.430565,0
26.0,57.8,13.6,71,97,23.796342,86.429625,0
25.7,54.7,15.6,74,98,23.794802,86.429865,0
24.4,41.3,13.8,87,96,23.795177,86.429545,0
36.6,82.0,365.4,116,89,23.795341,86.429867,2
37.5,83.8,398.3,111,90,23.796206,86.430171,2
41.6,80.1,188.5,129,90,23.796111,86.431182,2
21.0,47.5,22.6,78,97,23.795371,86.429562,0
39.0,84.4,239.9,117,91,23.796595,86.430267,2
31.5,65.0,129.5,102,93,23.79535,86.429888,1
20.3,47.3,11.1,69,96,23.794799,86.430613,0
34.6,65.9,98.0,108,94,23.795338,86.429641,1
37.1,80.7,350.5,119,88,23.79559,86.430212,2
33.8,69.3,122.3,96,94,23.796406,86.4312,1
34.2,59.9,71.6,97,93,23.79484,86.429646,1
47.1,94.3,951.5,176,72,23.794951,86.430757,3
48.7,98.2,914.0,178,86,23.795508,86.431268,3
23.2,38.1,44.3,63,99,23.795175,86.430472,0
19.2,46.6,29.9,88,99,23.795265,86.431321,0
34.7,74.2,132.0,93,93,23.79622,86.430117,1
35.4,79.9,326.6,136,88,23.796354,86.429826,2
31.0,67.3,105.8,92,94,23.795657,86.431276,1
37.7,83.9,228.0,128,89,23.794891,86.430708,2
34.4,61.9,74.3,109,93,23.794841,86.431153,1
18.5,42.1,34.2,89,99,23.795659,86.43126,0
28.2,57.7,45.3,75,99,23.795576,86.430861,0
39.0,83.1,232.7,117,91,23.795525,86.431288,2
32.4,75.6,91.7,98,93,23.795856,86.430075,1
32.7,69.8,93.9,91,94,23.795329,86.430437,1
24.9,59.4,41.6,78,96,23.795309,86.430947,0
34.7,63.9,81.2,92,94,23.796503,86.431212,1
49.0,93.2,406.9,171,84,23.794761,86.430279,3
21.4,45.8,36.4,88,99,23.796146,86.429909,0
34.9,78.3,155.5,136,88,23.795522,86.430461,2
34.2,64.5,59.3,90,94,23.79483,86.431307,1
34.2,71.4,86.0,103,93,23.796319,86.43048,1
21.3,40.6,23.0,80,97,23.796362,86.430169,0
34.4,66.6,60.1,91,94,23.795397,86.430087,1
21.7,38.3,39.8,89,98,23.795909,86.43135,0
23.5,55.8,33.4,81,96,23.795699,86.431065,0
25.1,47.1,19.0,74,98,23.795049,86.429551,0
32.4,62.6,136.0,108,93,23.796496,86.430905,1
48.6,93.2,598.4,167,79,23.794888,86.430912,3
24.9,49.5,35.7,79,97,23.795228,86.42978,0
32.0,66.8,130.3,102,94,23.795726,86.431346,1
25.3,42.6,13.2,63,99,23.795955,86.430005,0
25.4,52.7,47.5,65,96,23.79483,86.430991,0
26.4,46.9,33.8,81,99,23.794771,86.430395,0
35.2,76.1,194.2,121,88,23.795207,86.43087,2
33.6,59.8,63.7,100,94,23.79515,86.431269,1
21.0,55.3,40.8,63,98,23.795078,86.429805,0
23.8,42.9,39.3,79,96,23.795061,86.431112,0
41.0,90.0,227.6,130,90,23.795637,86.431229,2
32.2,63.6,89.6,108,93,23.795924,86.430489,1
22.2,45.9,17.3,66,98,23.795402,86.430925,0
38.3,79.4,338.4,125,90,23.795532,86.429429,2
33.2,72.7,61.2,90,94,23.795606,86.431071,1
37.8,85.7,358.3,134,90,23.795656,86.431174,2
36.4,86.9,330.9,113,91,23.795378,86.430561,2
24.0,59.0,26.0,78,99,23.795138,86.430115,0
29.6,73.0,128.6,107,93,23.795562,86.430378,1
30.1,66.1,110.5,105,94,23.796221,86.430645,1
41.9,82.4,373.1,136,89,23.796402,86.430594,2
28.5,57.8,23.8,85,98,23.795329,86.429473,0
53.5,94.3,931.2,169,71,23.796671,86.431345,3
26.2,47.8,23.7,89,98,23.79542,86.431008,0
21.6,44.2,10.5,68,99,23.795488,86.429994,0
21.8,49.0,27.3,64,98,23.795465,86.43036,0
21.0,51.4,34.3,71,98,23.796259,86.429698,0
29.9,51.0,14.0,86,99,23.795714,86.431061,0
41.2,80.8,380.7,119,89,23.794867,86.430131,2
34.1,65.5,126.9,90,93,23.795067,86.430973,1
33.5,70.8,143.0,99,94,23.79505,86.430597,1
33.2,63.9,66.3,107,93,23.796163,86.430132,1
31.2,59.0,76.3,91,94,23.795376,86.430687,1
45.5,94.3,854.1,156,73,23.796045,86.430754,3
53.6,92.8,637.1,167,79,23.794849,86.430299,3
31.9,71.1,146.4,109,94,23.795381,86.4305,1
21.2,53.2,41.0,68,97,23.796621,86.429477,0
36.0,80.1,299.5,132,89,23.796295,86.430906,2
29.7,38.3,32.0,74,99,23.796413,86.430983,0
22.7,60.7,24.0,70,96,23.796303,86.430213,0
36.4,88.1,323.2,112,91,23.795657,86.430354,2
34.2,64.2,67.5,98,93,23.795725,86.430176,1
52.9,94.4,831.1,141,84,23.796252,86.430389,3
39.4,76.7,289.5,139,89,23.79473,86.430739,2
39.3,81.7,192.5,114,91,23.79495,86.430062,2
28.9,52.7,30.5,86,96,23.794833,86.431221,0
37.6,71.9,360.9,133,91,23.796341,86.430005,2
26.8,39.6,27.2,65,99,23.796087,86.431396,0
18.1,57.5,44.3,76,97,23.795236,86.429641,0
43.7,91.6,893.5,140,75,23.796467,86.430882,3
35.1,90.6,235.9,123,90,23.795768,86.429809,2
33.2,60.9,123.1,104,93,23.796383,86.429441,1
24.0,56.3,11.0,88,96,23.794993,86.430339,0
23.8,40.3,27.8,85,99,23.796182,86.430274,0
19.6,51.4,14.4,67,99,23.795625,86.431171,0
30.6,66.4,85.4,105,93,23.796175,86.429996,1
27.1,60.8,43.3,75,99,23.796476,86.429443,0
33.5,77.7,67.8,96,94,23.795737,86.429434,1
24.9,59.2,12.9,61,98,23.796024,86.43007,0
42.7,81.3,249.2,137,90,23.795553,86.43128,2
29.7,59.6,144.1,96,94,23.795642,86.430651,1
21.2,39.1,21.5,88,96,23.795012,86.430473,0
31.0,69.3,112.9,99,93,23.795025,86.430207,1
38.4,78.6,264.5,136,90,23.795464,86.430418,2
41.9,89.0,242.5,136,89,23.79511,86.431369,2
37.5,85.2,350.6,131,89,23.795173,86.429909,2
36.0,84.5,357.5,132,89,23.796482,86.429667,2
53.9,91.4,904.1,165,70,23.795017,86.430434,3
43.6,96.1,962.2,166,74,23.795691,86.430284,3
28.3,45.3,33.5,71,96,23.795698,86.430834,0
36.4,81.1,267.3,128,91,23.794797,86.429462,2
26.8,48.9,47.6,60,97,23.79504,86.42997,0
39.9,85.4,192.1,137,89,23.795831,86.43139,2
24.3,48.4,28.9,74,96,23.79572,86.429705,0
42.0,83.5,275.1,119,90,23.7958,86.431339,2
32.4,58.8,104.4,90,94,23.795197,86.429436,1
40.2,80.0,285.5,124,91,23.796114,86.4309,2
33.4,73.7,100.6,90,93,23.795648,86.430185,1
35.9,73.6,82.1,93,93,23.796395,86.430773,1
32.2,62.4,51.7,94,93,23.796087,86.429674,1
32.2,69.3,140.6,102,94,23.796546,86.430169,1
22.3,58.8,20.4,87,98,23.795022,86.430912,0
23.9,60.2,10.7,83,98,23.795079,86.430742,0
31.8,69.6,76.8,91,94,23.796187,86.430963,1
45.7,94.2,500.5,174,71,23.796474,86.430923,3
34.9,66.6,121.0,109,94,23.794758,86.431398,1
30.0,58.6,43.7,62,98,23.796061,86.430825,0
35.3,74.9,128.1,98,93,23.79556,86.4303,1
23.6,49.4,15.9,62,99,23.79588,86.430183,0
29.8,66.8,67.3,102,94,23.795783,86.430193,1
24.2,55.9,21.8,72,98,23.796507,86.430436,0
31.4,50.4,29.1,79,96,23.796181,86.43122,0
33.3,75.4,77.5,101,94,23.795758,86.431166,1
26.7,47.3,16.1,68,99,23.795191,86.430781,0
30.7,73.7,115.1,90,93,23.796676,86.429675,1
35.5,69.7,56.1,92,94,23.794987,86.430742,1
22.8,57.8,48.5,70,96,23.794839,86.431209,0
21.2,47.7,40.8,72,99,23.795667,86.429432,0
32.2,63.6,143.7,102,94,23.795162,86.42998,1
38.3,80.8,199.7,122,88,23.795458,86.430398,2
30.3,62.0,67.8,91,93,23.794983,86.431055,1
30.2,54.2,26.3,65,99,23.795079,86.431264,0
54.4,98.6,496.3,151,75,23.794731,86.430591,3
26.1,45.0,39.2,83,97,23.795632,86.429582,0
32.9,69.0,136.3,95,94,23.794773,86.430639,1
36.1,79.4,295.1,124,89,23.79513,86.43071,2
26.5,48.2,36.2,67,97,23.795828,86.43004,0
27.1,61.6,16.3,71,97,23.795146,86.43022,0
40.0,82.8,388.8,124,88,23.794978,86.431398,2
23.5,43.5,36.7,62,99,23.796005,86.429988,0
25.5,41.8,17.0,86,99,23.796617,86.430042,0
29.3,65.0,71.3,101,94,23.796393,86.431063,1
41.3,92.3,182.8,124,88,23.796616,86.43037,2
28.8,44.9,10.3,63,98,23.796006,86.430977,0
24.8,58.7,10.5,71,97,23.795034,86.430996,0
33.7,74.4,111.4,93,94,23.796487,86.430104,1
28.8,62.9,135.8,95,93,23.795264,86.42995,1
19.8,42.5,11.8,71,96,23.796152,86.43028,0
35.0,72.4,82.8,92,93,23.79637,86.431224,1
47.9,92.7,404.9,161,80,23.79566,86.431074,3
48.1,94.2,938.5,167,79,23.795254,86.430961,3
40.1,79.9,377.1,114,91,23.796012,86.430876,2
42.0,80.8,205.2,133,88,23.794812,86.431391,2
24.2,53.0,23.2,61,98,23.796382,86.430112,0
28.2,54.2,47.6,72,97,23.796117,86.429806,0
23.4,39.6,35.0,88,96,23.795063,86.431351,0
33.0,71.4,142.6,90,93,23.796638,86.430869,1
32.2,60.9,137.8,99,93,23.79482,86.431116,1
29.3,69.8,119.9,107,93,23.7965,86.43064,1
28.9,53.9,16.6,61,97,23.796318,86.431245,0
30.7,73.0,133.0,90,93,23.796,86.430438,1
41.3,86.7,261.5,130,88,23.794781,86.431093,2
21.6,55.1,13.3,65,96,23.795868,86.430645,0
28.2,55.9,25.4,69,98,23.795284,86.429833,0
37.8,76.6,382.3,117,91,23.795307,86.429971,2
30.1,68.1,139.9,109,93,23.795832,86.429519,1
22.6,49.9,30.8,71,99,23.796352,86.430887,0
23.9,59.5,48.4,77,98,23.795475,86.429481,0
24.7,53.3,44.8,60,96,23.79501,86.431196,0
28.5,52.1,25.1,68,98,23.794955,86.430245,0
35.3,75.3,222.7,120,91,23.795077,86.429608,2
30.9,72.2,106.0,108,93,23.794895,86.430358,1
48.6,99.8,544.3,147,84,23.795538,86.431316,3
31.2,68.2,123.9,107,93,23.795849,86.430275,1
30.9,53.4,49.6,60,97,23.794838,86.431211,0
34.1,65.5,94.4,103,93,23.795335,86.430397,1
30.1,77.2,91.7,101,93,23.796361,86.431202,1
38.8,79.5,392.8,113,91,23.796197,86.429467,2
31.5,73.8,82.7,92,94,23.795066,86.43121,1
31.9,71.0,96.4,96,93,23.795911,86.431288,1
28.7,48.4,31.4,65,99,23.796316,86.430133,0
35.1,67.1,83.8,93,94,23.79576,86.430003,1
40.6,80.8,234.3,123,91,23.795885,86.431376,2
22.7,58.4,47.2,70,98,23.795683,86.43013,0
25.4,49.6,22.9,61,97,23.795112,86.430722,0
30.4,68.9,72.5,104,93,23.79633,86.429731,1
41.0,81.9,334.7,133,89,23.796336,86.430519,2
28.7,50.6,36.0,71,97,23.796308,86.431179,0
29.2,42.5,47.4,70,99,23.79605,86.430571,0
37.3,82.3,157.5,113,89,23.796474,86.429495,2
30.5,51.9,40.7,85,97,23.795162,86.430628,0
32.3,70.3,59.0,104,94,23.795344,86.431276,1
26.4,56.5,47.1,86,98,23.795705,86.430011,0
25.0,47.3,44.9,68,98,23.795889,86.431211,0
23.1,50.1,45.7,61,96,23.796135,86.430234,0
29.7,69.2,132.6,94,93,23.79557,86.429484,1
35.0,92.2,339.3,111,88,23.795097,86.430055,2
